negatives,kind,regime,method,auc,ap,p@npos,p@100,p@1000,precision@0.5,recall@0.5,auc_sd,ap_sd,p@npos_sd,p@100_sd,p@1000_sd,precision@0.5_sd,recall@0.5_sd,n_runs
degree,embedding (unsupervised),cosine@G_inner,PPMI-SVD(ablation): cosine,0.9286,0.9202,0.8745,0.98,0.9547,,,0.0009,0.0007,0.0012,0.01,0.0012,,,3
degree,embedding (unsupervised),cosine@G_inner,node2vec-SGNS: cosine,0.9097,0.905,0.8445,0.9767,0.951,,,0.0008,0.001,0.0019,0.0058,0.007,,,3
degree,embedding (unsupervised),cosine@G_train,PPMI-SVD(ablation): cosine,0.9334,0.9233,0.8755,0.9833,0.9537,,,0.0007,0.0003,0.0004,0.0153,0.0032,,,3
degree,embedding (unsupervised),cosine@G_train,node2vec-SGNS: cosine,0.9145,0.9091,0.8527,0.9733,0.9573,,,0.0008,0.0015,0.0028,0.0058,0.0023,,,3
degree,embedding + ML,clf@G_inner clean,PPMI-SVD(ablation): LR average,0.6939,0.6365,0.6457,0.57,0.6727,0.5811,0.8943,0.0008,0.0017,0.0026,0.0173,0.0035,0.0014,0.002,3
degree,embedding + ML,clf@G_inner clean,PPMI-SVD(ablation): LR hadamard,0.9238,0.9053,0.8658,0.9833,0.9353,0.8582,0.879,0.0002,0.0003,0.0005,0.0058,0.0025,0.0011,0.0023,3
degree,embedding + ML,clf@G_inner clean,PPMI-SVD(ablation): LR l1,0.9042,0.8968,0.8466,0.98,0.94,0.8504,0.8398,0.0021,0.0017,0.0021,0.01,0.0026,0.0016,0.0067,3
degree,embedding + ML,clf@G_inner clean,PPMI-SVD(ablation): RF hadamard,0.9128,0.89,0.8565,0.95,0.9213,0.8086,0.8983,0.0024,0.0023,0.0027,0.0361,0.0021,0.0045,0.0014,3
degree,embedding + ML,clf@G_inner clean,node2vec-SGNS: LR average,0.707,0.6861,0.6406,0.8967,0.73,0.5805,0.922,0.0028,0.0007,0.0009,0.0208,0.0111,0.0006,0.0028,3
degree,embedding + ML,clf@G_inner clean,node2vec-SGNS: LR hadamard,0.8659,0.8308,0.7907,0.9,0.872,0.7371,0.9065,0.0053,0.007,0.0049,0.0436,0.0072,0.0058,0.0159,3
degree,embedding + ML,clf@G_inner clean,node2vec-SGNS: LR l1,0.9484,0.9325,0.8837,0.9667,0.9583,0.7932,0.9745,0.0018,0.0019,0.0049,0.0058,0.0038,0.0032,0.0017,3
degree,embedding + ML,clf@G_inner clean,node2vec-SGNS: RF hadamard,0.9329,0.9087,0.8635,0.94,0.9377,0.8134,0.9447,0.0014,0.0031,0.0039,0.01,0.0081,0.0014,0.003,3
degree,embedding + ML,clf@G_train naive (seen-edge bias),PPMI-SVD(ablation): LR average,0.6847,0.6354,0.6372,0.5833,0.68,0.5541,0.9294,0.0029,0.0041,0.0041,0.0115,0.0026,0.0007,0.0012,3
degree,embedding + ML,clf@G_train naive (seen-edge bias),PPMI-SVD(ablation): LR hadamard,0.9289,0.9197,0.8688,0.9933,0.9567,0.885,0.825,0.0012,0.0009,0.0012,0.0058,0.004,0.0013,0.0036,3
degree,embedding + ML,clf@G_train naive (seen-edge bias),PPMI-SVD(ablation): LR l1,0.9097,0.9028,0.8493,0.9867,0.9413,0.8802,0.7934,0.0003,0.0002,0.0031,0.0058,0.0012,0.0024,0.0038,3
degree,embedding + ML,clf@G_train naive (seen-edge bias),PPMI-SVD(ablation): RF hadamard,0.9368,0.9227,0.8757,0.9867,0.953,0.8694,0.8876,0.0002,0.0018,0.0018,0.0153,0.0036,0.0021,0.0023,3
degree,embedding + ML,clf@G_train naive (seen-edge bias),node2vec-SGNS: LR average,0.6857,0.6667,0.6282,0.8733,0.7167,0.5494,0.9492,0.0058,0.0046,0.0014,0.0115,0.0047,0.0001,0.0025,3
degree,embedding + ML,clf@G_train naive (seen-edge bias),node2vec-SGNS: LR hadamard,0.8737,0.8378,0.7977,0.9033,0.8733,0.8086,0.7702,0.013,0.0112,0.0171,0.0058,0.0055,0.0083,0.0632,3
degree,embedding + ML,clf@G_train naive (seen-edge bias),node2vec-SGNS: LR l1,0.9481,0.9333,0.8834,0.9667,0.9597,0.8673,0.9087,0.0019,0.0036,0.0035,0.0208,0.0051,0.005,0.0038,3
degree,embedding + ML,clf@G_train naive (seen-edge bias),node2vec-SGNS: RF hadamard,0.945,0.9275,0.8813,0.9767,0.9507,0.8841,0.8727,0.0024,0.0012,0.0047,0.0153,0.0068,0.0029,0.0073,3
degree,embedding + structural ML,hybrid@G_inner,PPMI-SVD(ablation): LR hadamard+structural,0.9583,0.945,0.9003,0.97,0.9757,0.7652,0.9885,0.0002,0.0003,0.0009,0.0,0.0012,0.0017,0.0005,3
degree,embedding + structural ML,hybrid@G_inner,node2vec-SGNS: LR hadamard+structural,0.9402,0.9233,0.8703,0.9433,0.9593,0.7533,0.9815,0.0014,0.0022,0.0002,0.0115,0.0006,0.0044,0.0029,3
uniform,embedding (unsupervised),cosine@G_inner,PPMI-SVD(ablation): cosine,0.9365,0.9259,0.8927,0.9467,0.9587,,,0.0011,0.0015,0.0007,0.0058,0.0012,,,3
uniform,embedding (unsupervised),cosine@G_inner,node2vec-SGNS: cosine,0.908,0.8997,0.8494,0.9333,0.9427,,,0.0016,0.0023,0.0042,0.0058,0.0042,,,3
uniform,embedding (unsupervised),cosine@G_train,PPMI-SVD(ablation): cosine,0.9404,0.9297,0.8922,0.96,0.958,,,0.0004,0.0007,0.0011,0.0,0.001,,,3
uniform,embedding (unsupervised),cosine@G_train,node2vec-SGNS: cosine,0.9182,0.9119,0.8599,0.95,0.9547,,,0.0013,0.0016,0.0026,0.0173,0.0055,,,3
uniform,embedding + ML,clf@G_inner clean,PPMI-SVD(ablation): LR average,0.9192,0.905,0.8521,0.9667,0.9433,0.8128,0.8943,0.0006,0.0005,0.0003,0.0115,0.0012,0.0012,0.002,3
uniform,embedding + ML,clf@G_inner clean,PPMI-SVD(ablation): LR hadamard,0.956,0.945,0.8995,0.9933,0.9603,0.9172,0.879,0.0009,0.0015,0.0009,0.0058,0.0015,0.0018,0.0023,3
uniform,embedding + ML,clf@G_inner clean,PPMI-SVD(ablation): LR l1,0.9156,0.9134,0.8487,0.98,0.9597,0.8554,0.8398,0.003,0.0037,0.0062,0.01,0.0025,0.0067,0.0067,3
uniform,embedding + ML,clf@G_inner clean,PPMI-SVD(ablation): RF hadamard,0.9663,0.959,0.9044,0.99,0.9787,0.9088,0.8983,0.0011,0.0021,0.0012,0.01,0.0032,0.0021,0.0014,3
uniform,embedding + ML,clf@G_inner clean,node2vec-SGNS: LR average,0.9515,0.9512,0.8885,1.0,0.988,0.8598,0.922,0.0005,0.0011,0.0003,0.0,0.0026,0.0027,0.0028,3
uniform,embedding + ML,clf@G_inner clean,node2vec-SGNS: LR hadamard,0.9053,0.8481,0.8428,0.7933,0.8753,0.8195,0.9065,0.006,0.004,0.0084,0.0153,0.0038,0.01,0.0159,3
uniform,embedding + ML,clf@G_inner clean,node2vec-SGNS: LR l1,0.9892,0.9854,0.9617,1.0,0.991,0.9531,0.9745,0.0005,0.0005,0.0026,0.0,0.0026,0.0041,0.0017,3
uniform,embedding + ML,clf@G_inner clean,node2vec-SGNS: RF hadamard,0.9844,0.981,0.9443,1.0,0.9907,0.9427,0.9447,0.0007,0.0015,0.0012,0.0,0.0023,0.003,0.003,3
uniform,embedding + ML,clf@G_train naive (seen-edge bias),PPMI-SVD(ablation): LR average,0.9142,0.8961,0.8474,0.9333,0.9417,0.7577,0.9294,0.0012,0.0035,0.0005,0.0115,0.0061,0.0019,0.0012,3
uniform,embedding + ML,clf@G_train naive (seen-edge bias),PPMI-SVD(ablation): LR hadamard,0.9542,0.945,0.9,0.98,0.972,0.9325,0.825,0.0006,0.0014,0.0012,0.0,0.0017,0.0017,0.0036,3
uniform,embedding + ML,clf@G_train naive (seen-edge bias),PPMI-SVD(ablation): LR l1,0.9251,0.9204,0.8571,0.98,0.9633,0.9009,0.7934,0.0009,0.0006,0.0014,0.01,0.0021,0.0029,0.0038,3
uniform,embedding + ML,clf@G_train naive (seen-edge bias),PPMI-SVD(ablation): RF hadamard,0.9756,0.9695,0.9274,1.0,0.9853,0.9438,0.8876,0.0005,0.0015,0.0012,0.0,0.0042,0.0009,0.0023,3
uniform,embedding + ML,clf@G_train naive (seen-edge bias),node2vec-SGNS: LR average,0.943,0.9404,0.8738,0.9967,0.9793,0.7984,0.9492,0.0023,0.001,0.0023,0.0058,0.0046,0.0015,0.0025,3
uniform,embedding + ML,clf@G_train naive (seen-edge bias),node2vec-SGNS: LR hadamard,0.8878,0.8245,0.8194,0.77,0.8397,0.8287,0.7702,0.0207,0.0247,0.0232,0.02,0.0294,0.0206,0.0632,3
uniform,embedding + ML,clf@G_train naive (seen-edge bias),node2vec-SGNS: LR l1,0.9919,0.9894,0.965,1.0,0.9953,0.9767,0.9087,0.0005,0.0008,0.0012,0.0,0.0012,0.0019,0.0038,3
uniform,embedding + ML,clf@G_train naive (seen-edge bias),node2vec-SGNS: RF hadamard,0.9863,0.983,0.9497,1.0,0.9937,0.9699,0.8727,0.0013,0.002,0.0012,0.0,0.0032,0.0014,0.0073,3
uniform,embedding + structural ML,hybrid@G_inner,PPMI-SVD(ablation): LR hadamard+structural,0.9963,0.9953,0.9816,1.0,0.9973,0.9757,0.9885,0.0006,0.0009,0.0015,0.0,0.0006,0.0015,0.0005,3
uniform,embedding + structural ML,hybrid@G_inner,node2vec-SGNS: LR hadamard+structural,0.9965,0.9961,0.9767,1.0,0.9997,0.9731,0.9815,0.0002,0.0002,0.0009,0.0,0.0006,0.003,0.0029,3
