method,kind,regime,negatives,seed,auc,ap,p@npos,p@100,p@1000,precision@0.5,recall@0.5
common_neighbours,heuristic,G_train,uniform,42,0.9891342818885674,0.9882400282217244,0.9702216066481995,1.0,0.999,,
jaccard,heuristic,G_train,uniform,42,0.9786409615487911,0.9649692530376883,0.965027700831025,0.94,0.976,,
adamic_adar,heuristic,G_train,uniform,42,0.9896627845857536,0.9896833696838037,0.9722991689750693,1.0,1.0,,
resource_allocation,heuristic,G_train,uniform,42,0.9895552376439715,0.9896366604316329,0.9719529085872576,1.0,1.0,,
pref_attachment,heuristic,G_train,uniform,42,0.9790361396091191,0.9785721828560324,0.9283240997229917,1.0,0.997,,
geo_distance(-km),non-graph baseline,lat/lon,uniform,42,0.9054764893033357,0.8966493085116471,0.8331024930747922,0.95,0.948,,
LogReg(structural),supervised ML,shifted: feats G_train,uniform,42,0.9957638254770911,0.995825088735379,0.9729916897506925,1.0,1.0,0.9615907545887151,0.9795706371191135
RandomForest(structural),supervised ML,shifted: feats G_train,uniform,42,0.9947616726199154,0.9940469393148958,0.9747229916897507,1.0,0.998,0.9623089983022072,0.9813019390581718
HistGradBoost(structural),supervised ML,shifted: feats G_train,uniform,42,0.9949289878453972,0.9951524602047019,0.9709141274238227,1.0,0.999,0.9479131886477462,0.9830332409972299
LogReg(structural),supervised ML,matched: feats G_inner,uniform,42,0.9946766062261645,0.9948272523906708,0.9671052631578947,1.0,1.0,0.9757554462403373,0.9615650969529086
RandomForest(structural),supervised ML,matched: feats G_inner,uniform,42,0.9935852505544003,0.9934065643851921,0.9681440443213296,1.0,0.999,0.9710801393728223,0.965027700831025
HistGradBoost(structural),supervised ML,matched: feats G_inner,uniform,42,0.9933116472978262,0.9935323075233359,0.9646814404432132,1.0,0.999,0.9646814404432132,0.9646814404432132
common_neighbours,heuristic,G_train,degree,42,0.9156797206513149,0.8951835549344745,0.8396814404432132,0.97,0.946,,
jaccard,heuristic,G_train,degree,42,0.93086440165054,0.9144507475830188,0.8625346260387812,0.97,0.948,,
adamic_adar,heuristic,G_train,degree,42,0.9257605978698752,0.9098223537178555,0.8549168975069252,0.96,0.953,,
resource_allocation,heuristic,G_train,degree,42,0.9393551547716792,0.9254625319606588,0.8729224376731302,0.95,0.963,,
pref_attachment,heuristic,G_train,degree,42,0.7077806315751106,0.6754594025297109,0.650623268698061,0.86,0.714,,
geo_distance(-km),non-graph baseline,lat/lon,degree,42,0.8986668015899202,0.8757665951823438,0.8393351800554016,0.9,0.926,,
LogReg(structural),supervised ML,shifted: feats G_train,degree,42,0.9233233467745029,0.9108225130747057,0.8511080332409973,0.95,0.955,0.6823444283646889,0.9795706371191135
RandomForest(structural),supervised ML,shifted: feats G_train,degree,42,0.9184712052355337,0.8839182247574683,0.8611495844875346,0.91,0.9,0.6845410628019324,0.9813019390581718
HistGradBoost(structural),supervised ML,shifted: feats G_train,degree,42,0.9226766263687357,0.8959883491522288,0.8670360110803325,0.95,0.913,0.6706827309236948,0.9830332409972299
LogReg(structural),supervised ML,matched: feats G_inner,degree,42,0.91821073061901,0.9077085027801053,0.8431440443213296,0.95,0.956,0.7329110583267353,0.9615650969529086
RandomForest(structural),supervised ML,matched: feats G_inner,degree,42,0.9156624555904268,0.8878921138027897,0.8642659279778393,0.91,0.905,0.7116956077630235,0.965027700831025
HistGradBoost(structural),supervised ML,matched: feats G_inner,degree,42,0.915727139620629,0.8929324980654159,0.8587257617728532,0.91,0.925,0.7060314242270653,0.9646814404432132
