task,model,emb_seed,n,accuracy,precision,recall,f1,f1_fold_mean,f1_fold_sd
A continent,majority,0,3147,0.2990149348585955,0.04983582247643258,0.16666666666666666,0.07672863666014351,0.07672857059874386,0.00010381273138887103
A continent,degree-only LogReg,0,3147,0.3142675564029234,0.15494096074539218,0.1909942491960391,0.13725410382266304,0.1361106418042117,0.006020383426076137
A continent,degree-only RF,0,3147,0.3063234826819193,0.19653786595948416,0.187469208241406,0.1525981426449865,0.15176865882123547,0.008420875446762259
A continent,node2vec LogReg,0,3147,0.9621862090880203,0.9593522766166737,0.9592400512763541,0.9592770877314135,0.9592095905948372,0.010956591082922906
A continent,node2vec RandomForest,0,3147,0.9675881792183031,0.9733119889604135,0.9557780145637218,0.963632753777977,0.9634245609117145,0.011993822956914882
B1 hub (label: full-graph degree),majority,0,3425,0.9491970802919708,0.0,0.0,0.0,0.0,0.0
B1 hub (label: full-graph degree),degree-only LogReg,0,3425,0.995036496350365,0.9815950920245399,0.9195402298850575,0.9495548961424333,0.9494240029797538,0.01812687346391558
B1 hub (label: full-graph degree),degree-only RF,0,3425,0.9924087591240875,0.9302325581395349,0.9195402298850575,0.9248554913294798,0.9247658003344469,0.006683963377290128
B1 hub (label: full-graph degree),node2vec LogReg,0,3425,0.9602919708029197,0.69,0.39655172413793105,0.5036496350364964,0.49516484680635325,0.09525984700820622
B1 hub (label: full-graph degree),node2vec RandomForest,0,3425,0.95007299270073,1.0,0.017241379310344827,0.03389830508474576,0.03305019305019305,0.043568550257928544
B2 hub (label: G_train degree; leaky),majority,0,3425,0.9494890510948905,0.0,0.0,0.0,0.0,0.0
B2 hub (label: G_train degree; leaky),degree-only LogReg,0,3425,0.997080291970803,1.0,0.9421965317919075,0.9702380952380952,0.9698671149822046,0.021625957135796743
B2 hub (label: G_train degree; leaky),degree-only RF,0,3425,1.0,1.0,1.0,1.0,1.0,0.0
B2 hub (label: G_train degree; leaky),node2vec LogReg,0,3425,0.9635036496350365,0.7448979591836735,0.42196531791907516,0.5387453874538746,0.5305722768867668,0.08754190281414356
B2 hub (label: G_train degree; leaky),node2vec RandomForest,0,3425,0.9497810218978102,1.0,0.005780346820809248,0.011494252873563218,0.01111111111111111,0.02222222222222222
A continent,PPMI-SVD LogReg (ablation),0,3147,0.9650460756275818,0.96407973879174,0.9580703558859108,0.9609949528985159,0.9608192576948632,0.009033180189804023
A continent,PPMI-SVD RandomForest (ablation),0,3147,0.969176993962504,0.9694980694937184,0.9606535826826265,0.9646443250017064,0.9644443415126224,0.009171375937137398
B1 hub (label: full-graph degree),PPMI-SVD LogReg (ablation),0,3425,0.948905109489051,0.3333333333333333,0.005747126436781609,0.011299435028248588,0.01111111111111111,0.02222222222222222
B1 hub (label: full-graph degree),PPMI-SVD RandomForest (ablation),0,3425,0.9535766423357664,0.8,0.11494252873563218,0.20100502512562815,0.19978702905532175,0.03857537133561892
A continent,majority,1,3147,0.2990149348585955,0.04983582247643258,0.16666666666666666,0.07672863666014351,0.07672857059874386,0.00010381273138887103
A continent,degree-only LogReg,1,3147,0.3142675564029234,0.15494096074539218,0.1909942491960391,0.13725410382266304,0.1361106418042117,0.006020383426076137
A continent,degree-only RF,1,3147,0.3031458531935176,0.19740805913209347,0.1842945501923703,0.14775369911468347,0.14681486246979128,0.007803172579999308
A continent,node2vec LogReg,1,3147,0.9733079122974261,0.9733211768509821,0.9702964421766177,0.9717640684309982,0.9717203748676104,0.0070818697395236534
A continent,node2vec RandomForest,1,3147,0.9714013346043852,0.9772335515664946,0.9601988169605286,0.9679754128698153,0.9678241547227868,0.009784095942265918
B1 hub (label: full-graph degree),majority,1,3425,0.9491970802919708,0.0,0.0,0.0,0.0,0.0
B1 hub (label: full-graph degree),degree-only LogReg,1,3425,0.995036496350365,0.9815950920245399,0.9195402298850575,0.9495548961424333,0.9494240029797538,0.01812687346391558
B1 hub (label: full-graph degree),degree-only RF,1,3425,0.9927007299270073,0.930635838150289,0.9252873563218391,0.9279538904899135,0.927926467586422,0.009406051119940266
B1 hub (label: full-graph degree),node2vec LogReg,1,3425,0.9602919708029197,0.6826923076923077,0.40804597701149425,0.5107913669064749,0.509248524909911,0.05625030408162583
B1 hub (label: full-graph degree),node2vec RandomForest,1,3425,0.9503649635036496,1.0,0.022988505747126436,0.0449438202247191,0.04300751879699248,0.06155943579910125
B2 hub (label: G_train degree; leaky),majority,1,3425,0.9494890510948905,0.0,0.0,0.0,0.0,0.0
B2 hub (label: G_train degree; leaky),degree-only LogReg,1,3425,0.997080291970803,1.0,0.9421965317919075,0.9702380952380952,0.9698671149822046,0.021625957135796743
B2 hub (label: G_train degree; leaky),degree-only RF,1,3425,1.0,1.0,1.0,1.0,1.0,0.0
B2 hub (label: G_train degree; leaky),node2vec LogReg,1,3425,0.9632116788321168,0.719626168224299,0.44508670520231214,0.55,0.5368480218295131,0.10216088275690104
B2 hub (label: G_train degree; leaky),node2vec RandomForest,1,3425,0.9497810218978102,1.0,0.005780346820809248,0.011494252873563218,0.01111111111111111,0.02222222222222222
A continent,PPMI-SVD LogReg (ablation),1,3147,0.9698125198601844,0.9682204765197823,0.9634609092066787,0.9657845479430239,0.9656244696840771,0.006713086174814242
A continent,PPMI-SVD RandomForest (ablation),1,3147,0.9745789640927868,0.97633964327615,0.9673530572993397,0.9715825758949506,0.9714994741751347,0.006992439844303298
B1 hub (label: full-graph degree),PPMI-SVD LogReg (ablation),1,3425,0.9486131386861314,0.375,0.017241379310344827,0.03296703296703297,0.030940766550522646,0.03999198647405927
B1 hub (label: full-graph degree),PPMI-SVD RandomForest (ablation),1,3425,0.9535766423357664,0.7777777777777778,0.1206896551724138,0.208955223880597,0.2038191014935201,0.0798317305013567
A continent,majority,2,3147,0.2990149348585955,0.04983582247643258,0.16666666666666666,0.07672863666014351,0.07672857059874386,0.00010381273138887103
A continent,degree-only LogReg,2,3147,0.3142675564029234,0.15494096074539218,0.1909942491960391,0.13725410382266304,0.1361106418042117,0.006020383426076137
A continent,degree-only RF,2,3147,0.3047346679377185,0.22195498872366423,0.18652274860919962,0.1514874134473128,0.15108954690680707,0.009618619624783378
A continent,node2vec LogReg,2,3147,0.9694947569113441,0.9695809798783465,0.9658627421483762,0.9676617674951209,0.967573361262601,0.007765543752179316
A continent,node2vec RandomForest,2,3147,0.9707658087067048,0.9746071445175938,0.9599954814726602,0.966663944193467,0.966497662445963,0.011824627681620225
B1 hub (label: full-graph degree),majority,2,3425,0.9491970802919708,0.0,0.0,0.0,0.0,0.0
B1 hub (label: full-graph degree),degree-only LogReg,2,3425,0.995036496350365,0.9815950920245399,0.9195402298850575,0.9495548961424333,0.9494240029797538,0.01812687346391558
B1 hub (label: full-graph degree),degree-only RF,2,3425,0.9912408759124087,0.9137931034482759,0.9137931034482759,0.9137931034482759,0.9136016335684936,0.024873854846181532
B1 hub (label: full-graph degree),node2vec LogReg,2,3425,0.9591240875912409,0.6666666666666666,0.39080459770114945,0.4927536231884058,0.4873683844304705,0.11212796004847075
B1 hub (label: full-graph degree),node2vec RandomForest,2,3425,0.95007299270073,1.0,0.017241379310344827,0.03389830508474576,0.032732732732732736,0.04339728984864895
B2 hub (label: G_train degree; leaky),majority,2,3425,0.9494890510948905,0.0,0.0,0.0,0.0,0.0
B2 hub (label: G_train degree; leaky),degree-only LogReg,2,3425,0.997080291970803,1.0,0.9421965317919075,0.9702380952380952,0.9698671149822046,0.021625957135796743
B2 hub (label: G_train degree; leaky),degree-only RF,2,3425,1.0,1.0,1.0,1.0,1.0,0.0
B2 hub (label: G_train degree; leaky),node2vec LogReg,2,3425,0.9635036496350365,0.7448979591836735,0.42196531791907516,0.5387453874538746,0.53123094716961,0.10200960809913048
B2 hub (label: G_train degree; leaky),node2vec RandomForest,2,3425,0.9497810218978102,1.0,0.005780346820809248,0.011494252873563218,0.01111111111111111,0.02222222222222222
A continent,PPMI-SVD LogReg (ablation),2,3147,0.9679059421671433,0.9681624269332914,0.9617295083575655,0.9648702355623535,0.9647652221364129,0.006699093814617675
A continent,PPMI-SVD RandomForest (ablation),2,3147,0.9720368605020655,0.9746162825197461,0.9650915473722033,0.969636684585416,0.9695024303485253,0.005048913630216356
B1 hub (label: full-graph degree),PPMI-SVD LogReg (ablation),2,3425,0.9471532846715328,0.18181818181818182,0.011494252873563218,0.021621621621621623,0.01951219512195122,0.039024390243902446
B1 hub (label: full-graph degree),PPMI-SVD RandomForest (ablation),2,3425,0.9527007299270073,0.7307692307692307,0.10919540229885058,0.19,0.18734335839598998,0.07360275449200165
