n,m,mean_deg,max_deg,transitivity,avg_clustering,lcc_frac,avg_path,assortativity,model,seed,KS_deg
3425,19319,11.281167883211678,25,0.0032177135360324073,0.003122930679288531,1.0,3.6303427928235212,0.001404466748858838,ER,0,0.6455474452554745
3425,19112,11.16029197080292,25,0.0030345602697386905,0.0029943405053896293,1.0,3.64187615116993,0.004100850336821833,ER,1,0.6432116788321168
3425,19367,11.309197080291971,24,0.003316817493141149,0.0032494409256339472,1.0,3.624511221775019,-0.005767721691443473,ER,2,0.6458394160583942
3425,19186,11.203503649635037,27,0.0033532145407997624,0.003706358681870903,1.0,3.636861654956,-0.004667431417755584,ER,3,0.6394160583941606
3425,19372,11.312116788321168,25,0.0034191151330035786,0.0033723044828426873,1.0,3.6262916979330106,0.011997347788382825,ER,4,0.6443795620437957
3425,19075,11.138686131386862,25,0.0030458713871405942,0.0031227607082207273,1.0,3.6438721945562453,0.007896584278326476,ER,5,0.6376642335766424
3425,19490,11.38102189781022,27,0.003164399375268793,0.0031538874278388886,1.0,3.619113854969643,-0.007178169314918232,ER,6,0.6516788321167883
3425,19449,11.357080291970803,27,0.0036189163204963085,0.0036213472992711582,1.0,3.6213779930418175,0.0030773593387460937,ER,7,0.649051094890511
3425,18969,11.076788321167884,24,0.003660280240205891,0.0034614327116604146,1.0,3.6495008186097277,3.821355483766271e-05,ER,8,0.6446715328467154
3425,19169,11.193576642335767,25,0.003517604306738818,0.0034197447138747407,1.0,3.6381704072583396,-0.0004510222868291399,ER,9,0.6429197080291972
3425,20550,12.0,19,0.2247729598777028,0.2328716941336317,1.0,3.9383709666416538,-0.023165701472919274,WS,0,0.743065693430657
3425,20550,12.0,18,0.23393478401797868,0.24210392122070953,1.0,3.959718943993451,-0.0245131919240611,WS,1,0.7413138686131387
3425,20550,12.0,19,0.22923394156324164,0.23725924256655767,1.0,3.953207074152398,-0.01447872892158339,WS,2,0.743065693430657
3425,20550,12.0,20,0.2307472570278517,0.23810833073780804,1.0,3.9589550787911865,-0.024732526063392737,WS,3,0.745985401459854
3425,20550,12.0,20,0.229585414909492,0.23790931576891214,1.0,3.953462207517566,-0.009976411346788014,WS,4,0.7427737226277372
3425,20550,12.0,20,0.2267097259510006,0.23511156998648808,1.0,3.947620062760079,-0.020105543289661444,WS,5,0.7451094890510949
3425,20550,12.0,19,0.23466122364255937,0.24300974913892137,1.0,3.9638585510607816,-0.016355595057441902,WS,6,0.7465693430656934
3425,20550,12.0,19,0.22652619200989144,0.23439020669130722,1.0,3.947933522068354,-0.031129740929354784,WS,7,0.7407299270072993
3425,20550,12.0,20,0.2286896718563702,0.23668204634899173,1.0,3.9461660072310525,-0.01991565352109103,WS,8,0.7465693430656934
3425,20550,12.0,19,0.23090394893882,0.24010697279439228,1.0,3.9576766832662527,-0.015994359179147998,WS,9,0.7448175182481752
3425,20514,11.978978102189782,220,0.013900648510844181,0.018110036290892306,1.0,3.197104850262637,-0.032280383349759,BA,0,0.677080291970803
3425,20514,11.978978102189782,223,0.013420067531851085,0.017906139610847405,1.0,3.1817078245446484,-0.040800715453199944,BA,1,0.677080291970803
3425,20514,11.978978102189782,208,0.01357943382746919,0.017452273642667784,1.0,3.197278122655024,-0.035751435599445484,BA,2,0.677080291970803
3425,20514,11.978978102189782,207,0.013673121023501215,0.01636077787223719,1.0,3.2108905791663824,-0.02944140607300195,BA,3,0.677080291970803
3425,20514,11.978978102189782,247,0.01327950441595305,0.01630412348983618,1.0,3.2122201377993043,-0.02910833727823335,BA,4,0.677080291970803
3425,20514,11.978978102189782,238,0.01424743881462463,0.018832198663972757,1.0,3.1849237669690975,-0.03403222998015744,BA,5,0.677080291970803
3425,20514,11.978978102189782,292,0.01409293173229579,0.0169696530735814,1.0,3.204357732451054,-0.024239859080776274,BA,6,0.677080291970803
3425,20514,11.978978102189782,278,0.014425105033010375,0.02030567220368453,1.0,3.163704891193124,-0.03963439649539822,BA,7,0.677080291970803
3425,20514,11.978978102189782,283,0.014185096063398439,0.018035592433790597,1.0,3.1867537007981444,-0.03149841933703832,BA,8,0.677080291970803
3425,20514,11.978978102189782,314,0.014783600115052866,0.01968518181549575,1.0,3.1759901766832663,-0.03140669808341034,BA,9,0.677080291970803
