xmin,n_tail,alpha,vs,R_pl_minus,p
1,3425,1.529817628907164,truncated_power_law,-17.615305707463193,0.0
1,3425,1.529817628907164,lognormal,-16.582463345555134,9.332372120988322e-62
1,3425,1.529817628907164,exponential,12.809580636907477,1.4491561937400918e-37
2,2657,1.7382349479703336,truncated_power_law,-9.409922413673298,0.0
2,2657,1.7382349479703336,lognormal,-6.395505570497652,1.6001700785945076e-10
2,2657,1.7382349479703336,exponential,17.49487200079479,1.5676427300224342e-68
3,1913,1.7698691399813598,truncated_power_law,-8.641725054587925,0.0
3,1913,1.7698691399813598,lognormal,-5.960302737263492,2.517710625702932e-09
3,1913,1.7698691399813598,exponential,12.521317081203842,5.708002445305016e-36
5,1269,1.8045264675335475,truncated_power_law,-8.347791479405775,0.0
5,1269,1.8045264675335475,lognormal,-6.427860254915804,1.2941262585792633e-10
5,1269,1.8045264675335475,exponential,5.704061375989075,1.1698592197041124e-08
10,749,1.8962439034037388,truncated_power_law,-7.785778644251244,0.0
10,749,1.8962439034037388,lognormal,-6.628823043512196,3.383739240533467e-11
10,749,1.8962439034037388,exponential,-1.2517884158661614,0.2106469723312283
20,461,2.1397643706848015,truncated_power_law,-6.009142806223348,0.0
20,461,2.1397643706848015,lognormal,-5.266424462246458,1.3910644604352643e-07
20,461,2.1397643706848015,exponential,-3.2194869255797918,0.0012842021675212806
