a,b,spearman,kendall
degree_undirected,pagerank,0.8524033915291669,0.7074560290612687
in_deg,pagerank,0.8438438236758729,0.6991398965667577
total_deg,pagerank,0.8408523680539826,0.690625726940009
degree_undirected,pagerank_w,0.821848602571834,0.6692032147065465
pagerank,pagerank_w,0.9784865526193198,0.8808149795374461
pagerank,betweenness_approx,0.7598860735928412,0.6060691382820113
degree_undirected,betweenness_approx,0.7635093996614076,0.6281116712655139
pagerank,ppr_india,0.4580410357238361,0.3309809924372526
degree_undirected,ppr_india,0.7110795197095312,0.5557638402153675
