airport,name,country,ppr_lift
CCU,Netaji Subhash Chandra Bose International Airport,India,25.432203925514635
BOM,Chhatrapati Shivaji International Airport,India,22.96859177896243
HYD,Rajiv Gandhi International Airport,India,21.88400971942102
BLR,Kempegowda International Airport,India,20.694313937610968
DEL,Indira Gandhi International Airport,India,19.95251627824416
COK,Cochin International Airport,India,16.648438464749507
MAA,Chennai International Airport,India,13.66113354697772
MCT,Muscat International Airport,Oman,5.895001393083104
SHJ,Sharjah International Airport,United Arab Emirates,5.659319265861644
CMB,Bandaranaike International Colombo Airport,Sri Lanka,5.539005184186554
DMM,King Fahd International Airport,Saudi Arabia,5.376868798321039
KTM,Tribhuvan International Airport,Nepal,4.768413442838358
BAH,Bahrain International Airport,Bahrain,4.642180861607381
KWI,Kuwait International Airport,Kuwait,4.3950892007949385
DAC,Hazrat Shahjalal International Airport,Bangladesh,4.391081658281327
