airport,name,country,ppr_india
BOM,Chhatrapati Shivaji International Airport,India,0.04824533117520458
DEL,Indira Gandhi International Airport,India,0.04655198076635187
CCU,Netaji Subhash Chandra Bose International Airport,India,0.02613188829042534
BLR,Kempegowda International Airport,India,0.01946871047756602
HYD,Rajiv Gandhi International Airport,India,0.016540108323614466
GAU,Lokpriya Gopinath Bordoloi International Airport,India,0.012423990974993068
MAA,Chennai International Airport,India,0.011439332461411104
DXB,Dubai International Airport,United Arab Emirates,0.010064490734829094
SHJ,Sharjah International Airport,United Arab Emirates,0.008979556479602092
DOH,Hamad International Airport,Qatar,0.008515823739402817
COK,Cochin International Airport,India,0.008097190810139033
SIN,Singapore Changi Airport,Singapore,0.007931541235358257
IMF,Imphal Airport,India,0.007771501450723743
BKK,Suvarnabhumi Airport,Thailand,0.0074446687377355426
SXR,Sheikh ul Alam Airport,India,0.007226544782967137
