iata,name,country,degree,betweenness,pagerank,clustering,core,avg_nbr_deg,bet_resid_z,bet_over_deg,iso_rank
JAV,Ilulissat Airport,Greenland,5,67627.11746847231,0.00039503889011915634,0.2,3,6.2,2.3165693733658874,13525.423493694461,237.0
SFJ,Kangerlussuaq Airport,Greenland,8,112147.08975141359,0.0005176981877810598,0.25,3,19.25,2.175404460700474,14018.386218926698,295.0
UAK,Narsarsuaq Airport,Greenland,5,40667.74815994689,0.0003667640137023976,0.3,2,6.0,2.1578882447468115,8133.549631989377,296.0
KUS,,,5,23971.992639787753,0.000461327397017142,0.2,2,5.8,1.9929745268327954,4794.398527957551,261.0
GOH,Godthaab / Nuuk Airport,Greenland,9,56315.28976051956,0.0006102119349195522,0.19444444444444445,3,7.666666666666667,1.8855516389363665,6257.2544178355065,216.0
ADQ,Kodiak Airport,United States,8,37284.0,0.00038254175151889916,0.03571428571428571,2,5.75,1.8318021034484906,4660.5,194.0
AGM,,,5,13574.0,0.0006467957139700599,0.0,1,1.8,1.8155239136968944,2714.8,46.0
TFF,Tefé Airport,Brazil,5,13574.0,0.0005520570757518022,0.0,1,4.4,1.8155239136968944,2714.8,127.0
YTS,Timmins/Victor M. Power,Canada,6,18508.90276410761,0.00028585544582100057,0.4,4,30.666666666666668,1.7962980949429608,3084.8171273512685,934.0
JJU,Qaqortoq Heliport,Greenland,8,30503.5,0.0007055296230467667,0.14285714285714285,2,2.75,1.7691741533475804,3812.9375,86.0
JUV,Upernavik Airport,Greenland,9,37281.0,0.0009089038159000653,0.08333333333333333,2,2.3333333333333335,1.7568521978876215,4142.333333333333,37.0
ZGS,La Romaine Airport,Canada,5,10501.243922557023,0.00034094166968678247,0.4,3,5.0,1.735442124194449,2100.2487845114047,492.0
LST,Launceston Airport,Australia,5,10258.00503194345,0.00033095438146132054,0.4,3,41.2,1.7281300155986872,2051.60100638869,1048.0
UMD,Uummannaq Heliport,Greenland,7,20353.0,0.0007765942965648699,0.09523809523809523,2,1.7142857142857142,1.727872713754134,2907.5714285714284,47.0
ANI,Aniak Airport,United States,9,33861.96666666667,0.0007777715989606799,0.08333333333333333,3,6.444444444444445,1.7268393344667918,3762.4407407407407,143.0
