iata,name,country,degree,betweenness,pagerank,clustering,core,avg_nbr_deg,bet_over_deg,bet_resid_z
SFJ,Kangerlussuaq Airport,Greenland,8,112147.08975141359,0.0005176981877810598,0.25,3,19.25,14018.386218926698,2.175404460700474
JAV,Ilulissat Airport,Greenland,5,67627.11746847231,0.00039503889011915634,0.2,3,6.2,13525.423493694461,2.3165693733658874
ANC,Ted Stevens Anchorage International Airport,United States,34,424761.4196493721,0.0022094357234602583,0.0962566844919786,10,39.61764705882353,12492.982930863885,1.6704938790912502
JQA,Qaarsut Airport,Greenland,2,23723.0,0.0002056669231958995,0.0,2,6.0,11861.5,2.5725927178699157
DAV,Enrique Malek International Airport,Panama,2,23660.0,0.0001566925966097802,0.0,2,26.5,11830.0,2.5717630206573414
BOC,Bocas Del Toro International Airport,Panama,3,27040.0,0.0002651202259944459,0.3333333333333333,2,18.333333333333332,9013.333333333334,2.355499708754962
UAK,Narsarsuaq Airport,Greenland,5,40667.74815994689,0.0003667640137023976,0.3,2,6.0,8133.549631989377,2.1578882447468115
LKE,,,3,23733.0,0.0002390960319574092,0.0,1,32.666666666666664,7911.0,2.314797496073344
FBS,,,2,13568.000000000002,0.00022445602900806827,0.0,1,2.5,6784.000000000001,2.3982619179164826
GOH,Godthaab / Nuuk Airport,Greenland,9,56315.28976051956,0.0006102119349195522,0.19444444444444445,3,7.666666666666667,6257.2544178355065,1.8855516389363665
YQT,Thunder Bay Airport,Canada,13,68364.4225737509,0.0006092707186127717,0.16666666666666666,4,18.0,5258.801736442377,1.7121274283781696
RCE,,,2,10179.000000000002,0.0002647119468767971,0.0,1,2.0,5089.500000000001,2.3085936123192967
MQH,Minaçu Airport,Brazil,2,10179.0,0.0001408793396883887,0.0,1,23.5,5089.5,2.3085936123192967
YFA,Fort Albany Airport,Canada,2,10179.0,0.0002317451107015759,0.0,1,2.5,5089.5,2.3085936123192967
KND,Kindu Airport,Congo (Kinshasa),2,10163.999999999998,0.0001624139463632844,0.0,2,11.5,5081.999999999999,2.3081334853189963
