iata,name,country,degree,betweenness,pagerank,clustering,core,avg_nbr_deg,iso_score,lof_rank,bet_resid_z
DME,Domodedovo International Airport,Russia,190,172057.23983864437,0.0041345812136096985,0.07435254803675856,31,38.5,0.6809148927564129,158.0,0.29397038785371354
IST,Istanbul Airport,Turkey,236,244590.30386434062,0.004412722863487299,0.1135593220338983,31,53.389830508474574,0.6752902803620009,154.0,0.26580599097314206
ATL,Hartsfield Jackson Atlanta International Airport,United States,217,170130.3321230502,0.004679774648063708,0.11371394435910565,30,44.11059907834101,0.6724201824424869,145.0,0.2059322906781678
ORD,Chicago O'Hare International Airport,United States,206,280935.75863116054,0.004291272777352239,0.12521903859815298,30,50.76699029126213,0.6706623120247666,219.0,0.39551744742183836
CDG,Charles de Gaulle International Airport,France,240,362955.18678307463,0.003963650544261762,0.14421199442119945,31,66.41666666666667,0.6691551056969121,222.0,0.37826408973105385
DFW,Dallas Fort Worth International Airport,United States,188,169187.6410202543,0.004189544836342712,0.12566844919786097,30,43.111702127659576,0.668779625789662,267.0,0.2954542663343035
FRA,Frankfurt am Main Airport,Germany,244,299371.2459750773,0.0038572848204971493,0.14696755042838833,31,68.26639344262296,0.6681442642755107,254.0,0.30765743213588204
DEN,Denver International Airport,United States,170,154505.6075881079,0.00426093543639567,0.12794987817612252,30,37.305882352941175,0.6680942719488437,212.0,0.3311523509109946
PEK,Beijing Capital International Airport,China,207,290484.5896744094,0.0038296482484003313,0.12199240185732377,30,53.94202898550725,0.667267927151489,325.0,0.4028657777484653
AMS,Amsterdam Airport Schiphol,Netherlands,248,288686.61097988434,0.0036586333036295413,0.14832832702102652,31,65.71774193548387,0.665940965864208,288.0,0.2859743322819335
BET,Bethel Airport,United States,29,106381.11666666673,0.002334161163241991,0.04433497536945813,3,3.7586206896551726,0.6657384780556005,123.0,1.3396984334044708
DXB,Dubai International Airport,United Arab Emirates,188,331029.2363903396,0.00364499336515051,0.1379565365798157,31,62.898936170212764,0.6627069786641073,428.0,0.5048762315600589
IAH,George Bush Intercontinental Houston Airport,United States,169,131114.04757982396,0.003529564252953553,0.14285714285714285,30,49.83431952662722,0.6499357523915706,652.0,0.28368452426210045
SYD,Sydney Kingsford Smith International Airport,Australia,85,191420.3795394418,0.0031254533306139297,0.11400560224089636,23,40.141176470588235,0.6493276763180962,217.0,0.8389269367388266
AEP,Jorge Newbery Airpark,Argentina,44,81767.68373820205,0.0023730833090941923,0.05813953488372093,8,9.318181818181818,0.646078248920737,148.0,0.9923969093418621
