iata,name,country,degree,betweenness,pagerank,clustering,core,avg_nbr_deg,iso_deg_controlled,res_lb,res_lp,res_cl,res_lnd,res_core
BET,Bethel Airport,United States,29,106381.11666666673,0.0023341611632419,0.0443349753694581,3,3.7586206896551726,0.6950117556027697,1.8253028055984815,0.6059549869060503,-0.39585638439817017,-1.2552940901281837,-14.277520228951477
GEA,Nouméa Magenta Airport,New Caledonia,9,32.5,0.0010590552971629,0.0833333333333333,2,1.6666666666666667,0.6834940019250237,-0.4328361909597018,0.6315070115669914,-0.5110827561261492,-1.4809509509948056,-6.367176558200331
AGM,,,5,13574.0,0.00064679571397,0.0,1,1.8,0.6701413574643825,2.7878721035479934,0.5640202535780836,-0.6618397111920729,-1.3243575608466038,-4.056731740919431
PAC,Marcos A. Gelabert International Airport,Panama,15,44052.5,0.0009806157771634,0.0571428571428571,2,2.0,0.670068472487931,2.1469665127231377,0.4496690354177706,-0.47321831562808786,-1.4767080407756654,-9.877301183800846
FAI,Fairbanks International Airport,United States,24,89886.4182968369,0.0018615235982156,0.0579710144927536,3,8.166666666666666,0.6696297800136481,1.9553923869769063,0.5742663130197503,-0.4089695943410315,-0.9082711222102808,-12.6269974999228
DUT,Unalaska Airport,United States,3,3.0,0.0005655639434857,0.0,1,1.0,0.6696077213056666,-0.21644222683577663,0.6122394146885011,-0.7149759990159688,-1.4404832269630024,-1.8128638392753493
WIL,Nairobi Wilson Airport,Kenya,11,24143.06043806065,0.0009715749898153,0.0545454545454545,2,2.909090909090909,0.6695338348330183,2.2138464705265095,0.5380848689146314,-0.5153130150163001,-1.2720413596737952,-7.675863686720184
JUV,Upernavik Airport,Greenland,9,37281.0,0.0009089038159,0.0833333333333333,2,2.3333333333333335,0.6684843134246858,2.613618204120632,0.5651063015079494,-0.5110827561261492,-1.3348229153165674,-6.367176558200331
UMD,Uummannaq Heliport,Greenland,7,20353.0,0.0007765942965648,0.0952380952380952,2,1.7142857142857142,0.6620371802278534,2.613830982173612,0.562648369369704,-0.5288282774164467,-1.4208914106615016,-4.856362288301363
YEV,Inuvik Mike Zubko Airport,Canada,7,11881.333333333334,0.0007118673834263,0.0952380952380952,2,2.0,0.6555579357405366,2.3800829434024253,0.5248532674230488,-0.5288282774164467,-1.3539446210308883,-4.856362288301363
HIR,Honiara International Airport,Solomon Islands,21,57679.47864357859,0.0014594518172951,0.0857142857142857,4,8.761904761904763,0.6518215641900365,1.9056542312017877,0.5139531674542965,-0.3996816315439418,-0.8681909990805893,-10.510993712853157
OTZ,Ralph Wien Memorial Airport,United States,14,40645.833333333336,0.0011433966500921,0.0989010989010989,3,5.642857142857143,0.6507766542205872,2.185175657203632,0.5375509960252338,-0.44040796644252966,-1.0178615409704637,-8.368828146979874
OME,Nome Airport,United States,16,38998.55,0.0011675092536236,0.1166666666666666,3,5.625,0.6494586486665789,2.0255083888232694,0.5052924372031753,-0.40524047698317345,-1.034959080272397,-9.362668423671698
AEP,Jorge Newbery Airpark,Argentina,44,81767.68373820205,0.0023730833090941,0.0581395348837209,8,9.318181818181818,0.6481670723466675,1.2603733122282197,0.45704133417363124,-0.32066592753330186,-0.868579944132366,-13.198648815292767
AKN,King Salmon Airport,United States,10,37280.5,0.0008659448107085,0.0666666666666666,2,5.2,0.6476477915577937,2.5028992795681235,0.5150618281339634,-0.5149533316193535,-1.0046966520182237,-7.042963079039328
