p,model,seed_set,mean_size,sd_across_seeds,mean_frac
0.005,fixed,top degree,2.37675,0.22025141883765476,0.0006939416058394161
0.005,fixed,top betweenness,2.1442500000000004,0.44431203843695255,0.000626058394160584
0.005,fixed,top PageRank,2.2484999999999995,0.3375281469744413,0.0006564963503649634
0.005,fixed,random,1.14475,0.23167582415953553,0.00033423357664233574
0.005,weighted,top degree,8.9165,2.9868332310324925,0.0026033576642335763
0.005,weighted,top betweenness,8.431750000000001,3.679485451459212,0.0024618248175182485
0.005,weighted,top PageRank,9.086749999999999,2.7182808330818213,0.0026530656934306567
0.005,weighted,random,1.7349999999999999,1.138383722652428,0.0005065693430656934
0.01,fixed,top degree,5.78325,1.0058519709678955,0.0016885401459854014
0.01,fixed,top betweenness,4.89325,1.7263583601037185,0.0014286861313868614
0.01,fixed,top PageRank,5.4625,1.5235127994211273,0.0015948905109489052
0.01,fixed,random,1.6095,0.9281849223080495,0.00046992700729927005
0.01,weighted,top degree,133.88424999999998,25.559609556632513,0.039090291970802916
0.01,weighted,top betweenness,120.16300000000001,41.63613633011594,0.03508408759124088
0.01,weighted,top PageRank,132.48425,28.591902843069047,0.03868153284671533
0.01,weighted,random,19.616999999999997,28.408962863856893,0.005727591240875912
0.02,fixed,top degree,86.89900000000002,14.494197425176738,0.025371970802919714
0.02,fixed,top betweenness,71.66650000000001,27.326700226152443,0.02092452554744526
0.02,fixed,top PageRank,76.321,23.390214385507456,0.022283503649635036
0.02,fixed,random,15.620749999999997,22.44436322748988,0.004560802919708029
0.02,weighted,top degree,434.48375,17.682149323187502,0.1268565693430657
0.02,weighted,top betweenness,404.80125,80.01153135447102,0.11819014598540145
0.02,weighted,top PageRank,425.9362499999999,37.0818784541385,0.12436094890510946
0.02,weighted,random,110.70325,142.48156588024816,0.03232211678832117
0.03,fixed,top degree,324.81625,19.54898557950003,0.09483686131386862
0.03,fixed,top betweenness,280.59725000000003,79.08702919055375,0.08192620437956205
0.03,fixed,top PageRank,306.10299999999995,48.271095605962785,0.08937313868613138
0.03,fixed,random,72.82475000000001,98.35423240098771,0.02126270072992701
0.03,weighted,top degree,609.39075,10.582362717630696,0.17792430656934308
0.03,weighted,top betweenness,587.83675,79.36571727255729,0.1716311678832117
0.03,weighted,top PageRank,605.3755,18.025604698594712,0.1767519708029197
0.03,weighted,random,188.213,219.79158469104317,0.05495270072992701
0.05,fixed,top degree,616.0424999999998,3.363353423296453,0.17986642335766417
0.05,fixed,top betweenness,571.2805000000001,104.41451505777344,0.16679722627737228
0.05,fixed,top PageRank,600.7505,42.51480794676133,0.17540160583941605
0.05,fixed,random,191.87724999999995,218.59694891211885,0.056022554744525534
0.05,weighted,top degree,861.21075,1.5683735803372887,0.25144839416058395
0.05,weighted,top betweenness,840.5092500000001,86.70336190533502,0.24540416058394163
0.05,weighted,top PageRank,860.9279999999999,2.5648959043204878,0.25136583941605833
0.05,weighted,random,337.30174999999997,342.7062481604143,0.09848226277372261
0.075,fixed,top degree,843.766,1.325741867785735,0.24635503649635035
0.075,fixed,top betweenness,810.8329999999999,97.85650874367018,0.23673956204379557
0.075,fixed,top PageRank,836.1899999999999,20.934876761041615,0.24414306569343064
0.075,fixed,random,325.68699999999995,325.51856044778765,0.09509109489051093
0.075,weighted,top degree,1093.1185,1.3414209816459712,0.31915868613138687
0.075,weighted,top betweenness,1076.95175,70.54190749609413,0.31443846715328466
0.075,weighted,top PageRank,1091.58725,2.408814788957451,0.31871160583941605
0.075,weighted,random,478.54949999999997,445.09269011325046,0.1397224817518248
0.1,fixed,top degree,1026.12725,1.3942197414683082,0.299599197080292
0.1,fixed,top betweenness,1001.0665000000001,80.29926970558324,0.29228218978102194
0.1,fixed,top PageRank,1023.90725,5.1099274640155095,0.2989510218978102
0.1,fixed,random,440.47700000000003,412.2290714196416,0.12860642335766426
0.1,weighted,top degree,1277.04825,1.7549189974183828,0.372860802919708
0.1,weighted,top betweenness,1263.8125,55.28148911480226,0.3689963503649635
0.1,weighted,top PageRank,1276.8549999999998,1.2378277343798754,0.3728043795620437
0.1,weighted,random,623.4665,517.7323358457052,0.18203401459854016
0.15,fixed,top degree,1315.6402500000002,1.3061656432091655,0.38412854014598546
0.15,fixed,top betweenness,1302.6547500000001,52.66122450330509,0.3803371532846716
0.15,fixed,top PageRank,1315.7669999999998,2.7108980984168554,0.38416554744525544
0.15,fixed,random,647.30625,526.1201941735249,0.18899452554744525
0.15,weighted,top degree,1566.85925,1.9498424776119605,0.45747715328467153
0.15,weighted,top betweenness,1560.5845,25.243237455801875,0.45564510948905107
0.15,weighted,top PageRank,1566.4445,1.3801883023703763,0.4573560583941606
0.15,weighted,random,846.8845000000001,618.8688797897742,0.2472655474452555
0.2,fixed,top degree,1551.99,1.8881968912165956,0.4531357664233577
0.2,fixed,top betweenness,1543.28325,35.052482411200224,0.4505936496350365
0.2,fixed,top PageRank,1551.91125,1.6903445469785097,0.45311277372262776
0.2,fixed,random,832.9135000000002,617.546963578682,0.2431864233576643
0.2,weighted,top degree,1797.1239999999998,1.871014163495285,0.5247077372262773
0.2,weighted,top betweenness,1792.3830000000003,19.927141064387552,0.5233235036496351
0.2,weighted,top PageRank,1797.7407500000002,1.6901814066839054,0.5248878102189781
0.2,weighted,random,1081.0572499999998,684.1235457822567,0.3156371532846715
0.3,fixed,top degree,1935.5375000000004,1.4847638701153814,0.5651204379562045
0.3,fixed,top betweenness,1934.0987499999999,4.347806594997043,0.5647003649635036
0.3,fixed,top PageRank,1934.18975,1.8245249210410772,0.5647269343065694
0.3,fixed,random,1210.5624999999998,675.293472698167,0.353448905109489
0.3,weighted,top degree,2163.57775,2.8128675204317406,0.6317015328467153
0.3,weighted,top betweenness,2163.60775,2.1428278483116174,0.631710291970803
0.3,weighted,top PageRank,2163.636,2.4557461187997296,0.6317185401459854
0.3,weighted,random,1456.20575,754.3692234580408,0.42516956204379563
0.5,fixed,top degree,2519.943,2.0800573309407016,0.7357497810218979
0.5,fixed,top betweenness,2519.7549999999997,1.911813929230572,0.7356948905109488
0.5,fixed,top PageRank,2519.69675,1.859848296904854,0.7356778832116788
0.5,fixed,random,1943.7655000000002,624.8013414916377,0.5675227737226278
0.5,weighted,top degree,2686.36575,1.7824360262011965,0.7843403649635037
0.5,weighted,top betweenness,2686.94275,1.4185419230674947,0.7845088321167883
0.5,weighted,top PageRank,2686.0715,2.0829726954523093,0.7842544525547446
0.5,weighted,random,2136.4284999999995,680.4537468761193,0.6237747445255473
