frac_removed,lcc_frac,n_components,efficiency,strategy,efficiency_rel
0.0,0.9918248175182482,8.0,0.2619560102653707,random,1.0
0.009927007299270074,0.9774744525547445,18.5,0.2545819057983705,random,0.9718498366976578
0.019854014598540148,0.9644671532846715,26.0,0.24677574017471798,random,0.9420503080831222
0.02978102189781022,0.9498540145985401,37.2,0.23925254694128456,random,0.9133310081296218
0.039708029197080295,0.9338540145985401,44.8,0.2315483876112221,random,0.8839208818940837
0.049635036496350364,0.9204671532846715,52.65,0.2250136234203231,random,0.8589748454039148
0.05956204379562044,0.9062919708029197,62.05,0.2177925784159549,random,0.8314089766267372
0.06948905109489051,0.8925547445255475,72.2,0.21073057513565535,random,0.8044502392679512
0.07941605839416059,0.8803795620437956,79.1,0.20465323579110156,random,0.7812503923226675
0.08934306569343066,0.8665109489051094,86.7,0.19872189857245076,random,0.7586078989794449
0.09927007299270073,0.8528467153284671,95.3,0.19247386453004936,random,0.7347564361476819
0.1091970802919708,0.8407299270072993,100.2,0.18707297912652113,random,0.7141389080441773
0.11912408759124088,0.8274306569343066,110.15,0.18114228098128088,random,0.6914988543220572
0.12905109489051095,0.815007299270073,117.2,0.17555750229567138,random,0.670179325596788
0.13897810218978102,0.8008029197080292,129.25,0.1689392128868054,random,0.6449144370295762
0.14890510948905109,0.7872846715328468,138.75,0.1630050374722445,random,0.622261109058405
0.15883211678832118,0.7698978102189781,151.65,0.15627037254991413,random,0.5965519645516312
0.16875912408759125,0.7551240875912408,162.95,0.14997919754820663,random,0.5725358139188041
0.17868613138686132,0.7413868613138687,175.35,0.14500813135935436,random,0.5535590926600844
0.1886131386861314,0.7286861313868613,183.05,0.14043180445660366,random,0.536089262904643
0.19854014598540146,0.7154890510948906,193.45,0.13507750129759474,random,0.5156495594842678
0.20846715328467152,0.7023649635036496,201.6,0.13032973905502382,random,0.4975252864898774
0.2183941605839416,0.6903211678832116,208.6,0.1258554000877142,random,0.48044478903239607
0.2283211678832117,0.6773868613138686,214.8,0.12185844353311862,random,0.46518666782896756
0.23824817518248176,0.6652116788321167,222.2,0.11761638609836249,random,0.44899288998642534
0.24817518248175183,0.6513722627737226,231.1,0.11301644262576287,random,0.43143290551445346
0.2581021897810219,0.6382773722627737,240.5,0.10873633426700695,random,0.4150938707489597
0.268029197080292,0.6255474452554745,247.45,0.10451843806128899,random,0.3989923268239126
0.27795620437956203,0.6117226277372263,255.45,0.09999449551601322,random,0.3817224709397401
0.28788321167883213,0.5983357664233576,265.7,0.09582197841341863,random,0.36579415878394084
0.29781021897810217,0.5868613138686131,271.7,0.09227847196734372,random,0.3522670538227482
0.30773722627737227,0.5743065693430657,279.8,0.08836287331713319,random,0.33731951111798686
0.31766423357664236,0.5623065693430658,286.05,0.08458487841797567,random,0.3228972617665394
0.3275912408759124,0.5491094890510949,295.0,0.08045771737591977,random,0.3071420934164223
0.3375182481751825,0.5373722627737226,301.05,0.07706552003684378,random,0.29419260111181905
0.34744525547445254,0.5268029197080292,306.15,0.07387302029587917,random,0.282005441375608
0.35737226277372264,0.515956204379562,309.95,0.07069926462824937,random,0.2698898359179792
0.3672992700729927,0.5038832116788321,316.25,0.06764080227748087,random,0.2582143551848967
0.3772262773722628,0.49201459854014595,322.9,0.06491187618926375,random,0.2477968576613521
0.38715328467153287,0.4807883211678832,326.45,0.062164541821890684,random,0.2373090877316226
0.3970802919708029,0.46842335766423354,332.4,0.05928094539805988,random,0.2263011462802712
0.407007299270073,0.457036496350365,338.85,0.056567937281868354,random,0.2159444145777111
0.41693430656934305,0.44651094890510945,342.7,0.054223719242881774,random,0.2069955149643302
0.42686131386861315,0.43515328467153286,347.95,0.05137404169715063,random,0.19611705661995277
0.4367883211678832,0.42496350364963503,350.2,0.048739821197159104,random,0.18606109150839464
0.4467153284671533,0.414,355.55,0.046279290412690674,random,0.17666817556813497
0.4566423357664234,0.4017372262773723,360.45,0.043622257970413934,random,0.1665251273533409
0.4665693430656934,0.38964963503649636,366.9,0.04115842182801514,random,0.1571195934245609
0.4764963503649635,0.3785401459854015,371.8,0.039072308815168044,random,0.1491559929302115
0.48642335766423356,0.3677226277372263,376.3,0.03677218901633694,random,0.14037543547516018
0.49635036496350365,0.3568905109489051,380.85,0.034538310701310845,random,0.13184775056820539
0.5062773722627737,0.3465109489051095,383.9,0.03281099143033649,random,0.1252538218042709
0.5162043795620438,0.33651094890510946,386.7,0.03093215217198862,random,0.11808147536165807
0.5261313868613139,0.3253284671532847,388.75,0.02905597839646832,random,0.11091930422605531
0.536058394160584,0.3154890510948905,391.15,0.02726671416319489,random,0.1040889046049096
0.545985401459854,0.304948905109489,395.25,0.025353873757721596,random,0.09678676099867771
0.5559124087591241,0.2941605839416058,398.5,0.023626414792021537,random,0.09019229895923038
0.5658394160583942,0.2850948905109489,399.15,0.02206004501039913,random,0.0842127843833456
0.5757664233576643,0.2743795620437956,403.1,0.020513343728625563,random,0.07830835302402422
0.5856934306569344,0.2634014598540146,406.85,0.018982629522984372,random,0.07246495128611212
0.5956204379562043,0.2541897810218978,406.3,0.017702754790667317,random,0.06757911289278609
0.6055474452554744,0.2452116788321168,405.35,0.0164917824887232,random,0.06295630503769103
0.6154744525547445,0.236,405.7,0.015425182612850544,random,0.058884629511742406
0.6254014598540146,0.226992700729927,405.0,0.014188519422339516,random,0.05416374836357465
0.6353284671532847,0.21783941605839416,405.3,0.013053558133979423,random,0.049831107599919953
0.6452554744525547,0.20883211678832114,405.2,0.012091112950685089,random,0.04615703582611586
0.6551824817518248,0.19908029197080293,405.95,0.01096276828876493,random,0.04184965360275284
0.6651094890510949,0.19024817518248177,405.15,0.010051895609339388,random,0.03837245650197704
0.675036496350365,0.18145985401459855,403.35,0.009166671163754254,random,0.034993169862634926
0.684963503649635,0.174,397.95,0.008427716112715382,random,0.032172257105984356
0.6948905109489051,0.16556204379562042,394.3,0.007659140722984181,random,0.029238270636452287
0.7048175182481752,0.1565985401459854,392.8,0.006924499866263885,random,0.02643382703549776
0.7147445255474453,0.14802919708029197,389.45,0.006203465105199188,random,0.023681323818128312
0.7246715328467154,0.14026277372262774,386.6,0.005512930682618913,random,0.021045253655505438
0.7345985401459854,0.13246715328467154,382.8,0.004886784935383066,random,0.018654983065410795
0.7445255474452555,0.12496350364963504,376.7,0.004360271964806135,random,0.016645054108088704
0.7544525547445255,0.11667153284671532,373.9,0.0038810802250492673,random,0.014815770865946523
0.7643795620437956,0.10951824817518248,367.95,0.0034251234734405,random,0.013075185677055965
0.7743065693430657,0.10176642335766424,363.9,0.002968102490707631,random,0.011330537855194995
0.7842335766423357,0.0948029197080292,356.7,0.0025984488635445117,random,0.00991940922031982
0.7941605839416058,0.08782481751824818,349.2,0.0022432597524814227,random,0.008563497933141222
0.8040875912408759,0.08062773722627738,341.55,0.0018852532367792294,random,0.007196831387336375
0.814014598540146,0.07448175182481752,332.2,0.0016039066626573925,random,0.006122809173313406
0.8239416058394161,0.06903649635036496,320.8,0.0013802502558124638,random,0.0052690154137491315
0.8338686131386861,0.06332846715328468,308.65,0.0011676032005215708,random,0.00445724913636739
0.8437956204379562,0.0568029197080292,298.95,0.0009349054930283025,random,0.003568940800713869
0.8537226277372263,0.05110948905109489,288.35,0.0007884301689354259,random,0.0030097807953965946
0.8636496350364964,0.0449051094890511,277.9,0.0005772000685040988,random,0.002203423650861741
0.8735766423357664,0.03794160583941606,267.0,0.000422955077167986,random,0.0016146034471189172
0.8835036496350365,0.032846715328467155,255.1,0.0003298453563786507,random,0.0012591631550828162
0.8934306569343066,0.027255474452554745,240.65,0.0002558870739689957,random,0.0009768322311435919
0.9033576642335767,0.023036496350364963,223.95,0.00019393143404168519,random,0.0007403206127823744
0.9132846715328468,0.0192992700729927,207.6,0.0001358305866154873,random,0.000518524413613897
0.9232116788321167,0.015824817518248175,190.4,0.00010077023994956238,random,0.0003846838247669086
0.9331386861313868,0.01178102189781022,173.05,5.4489589514414274e-05,random,0.00020801045740166218
0.9430656934306569,0.008437956204379562,151.55,3.4700878177075604e-05,random,0.00013246834131395722
0.952992700729927,0.006437956204379562,128.45,2.1390036252039758e-05,random,8.165506960642322e-05
0.9629197080291971,0.003941605839416058,106.65,8.463947300103842e-06,random,3.231056730299703e-05
0.9728467153284671,0.0027299270072992697,81.0,3.91436266874351e-06,random,1.4942824426048185e-05
0.9827737226277372,0.0013722627737226278,53.45,1.249350986500519e-06,random,4.769315982614342e-06
0.9927007299270073,0.0005839416058394161,23.85,9.735202492211837e-08,random,3.716350116322864e-07
1.0,0.0,0.0,0.0,random,0.0
0.0,0.9918248175182481,8.0,0.2619560102653707,betweenness (initial ranking),1.0
0.009927007299270074,0.8741605839416058,179.0,0.18310953410335493,betweenness (initial ranking),0.6990087149283519
0.019854014598540148,0.7962043795620438,335.0,0.13778979876251185,betweenness (initial ranking),0.5260035783218943
0.02978102189781022,0.7033576642335766,507.0,0.09604239080026294,betweenness (initial ranking),0.36663556870853475
0.039708029197080295,0.6338686131386861,665.0,0.07614808818014118,betweenness (initial ranking),0.29069036477918747
0.049635036496350364,0.5658394160583942,789.0,0.05583336780487768,betweenness (initial ranking),0.21314024346422328
0.05956204379562044,0.49605839416058395,881.0,0.042960959248041775,betweenness (initial ranking),0.1640006625712493
0.06948905109489051,0.4563503649635037,980.0,0.03665039359667562,betweenness (initial ranking),0.13991048939685513
0.07941605839416059,0.2986861313868613,1092.0,0.02197125103425998,betweenness (initial ranking),0.08387381916529546
0.08934306569343066,0.21284671532846716,1161.0,0.014904354376763667,betweenness (initial ranking),0.05689640165791588
0.09927007299270073,0.1886131386861314,1238.0,0.012478921038382365,betweenness (initial ranking),0.047637467931126214
0.1091970802919708,0.1816058394160584,1270.0,0.011483068351890077,betweenness (initial ranking),0.04383586519071398
0.11912408759124088,0.1594160583941606,1328.0,0.00970437464004929,betweenness (initial ranking),0.03704581784635678
0.12905109489051095,0.13226277372262774,1415.0,0.007354560880772913,betweenness (initial ranking),0.028075556935389587
0.13897810218978102,0.12145985401459854,1458.0,0.006621828613797072,betweenness (initial ranking),0.02527839925141983
0.14890510948905109,0.12145985401459854,1476.0,0.006601078338738971,betweenness (initial ranking),0.0251991864284841
0.15883211678832118,0.12087591240875913,1481.0,0.006561045549509334,betweenness (initial ranking),0.02504636386415705
0.16875912408759125,0.10452554744525547,1539.0,0.005251977032788948,betweenness (initial ranking),0.02004908010115328
0.17868613138686132,0.09372262773722628,1600.0,0.0038437064487736217,betweenness (initial ranking),0.014673098910308687
0.1886131386861314,0.08467153284671533,1622.0,0.0032957821751630166,betweenness (initial ranking),0.01258143369882704
0.19854014598540146,0.07678832116788321,1682.0,0.0024574006573860542,betweenness (initial ranking),0.009380966884083403
0.20846715328467152,0.07065693430656934,1729.0,0.0019783585254525672,betweenness (initial ranking),0.007552254760058455
0.2183941605839416,0.05927007299270073,1768.0,0.001257553632115548,betweenness (initial ranking),0.004800629047761118
0.2283211678832117,0.053138686131386864,1801.0,0.0009850370078173815,betweenness (initial ranking),0.003760314591825949
0.23824817518248176,0.02802919708029197,1835.0,0.0004593980245265292,betweenness (initial ranking),0.0017537220240190054
0.24817518248175183,0.01897810218978102,1875.0,0.00028770470994478,betweenness (initial ranking),0.001098293983227661
0.2581021897810219,0.015766423357664233,1895.0,0.0002442316439833963,betweenness (initial ranking),0.0009323383866473651
0.268029197080292,0.0072992700729927005,1920.0,0.00019643475250951886,betweenness (initial ranking),0.0007498768679158135
0.27795620437956203,0.005255474452554744,1932.0,0.0001686461578400831,betweenness (initial ranking),0.0006437957184843309
0.28788321167883213,0.004671532846715329,1937.0,0.00014625519210799585,betweenness (initial ranking),0.000558319665808905
0.29781021897810217,0.004671532846715329,1937.0,0.00013702297507788163,betweenness (initial ranking),0.0005230762788724432
0.30773722627737227,0.004671532846715329,1938.0,0.0001305328400830737,betweenness (initial ranking),0.0004983006114302906
0.31766423357664236,0.004671532846715329,1930.0,0.00011576778296988576,betweenness (initial ranking),0.00044193596799939393
0.3275912408759124,0.004671532846715329,1912.0,0.00010797962097611629,betweenness (initial ranking),0.000412205167068811
0.3375182481751825,0.004671532846715329,1904.0,0.00010278751298026997,betweenness (initial ranking),0.000392384633115089
0.34744525547445254,0.004671532846715329,1886.0,9.986695223260641e-05,betweenness (initial ranking),0.0003812355827661204
0.35737226277372264,0.004671532846715329,1863.0,9.791991173416405e-05,betweenness (initial ranking),0.0003738028825334747
0.3672992700729927,0.004671532846715329,1840.0,9.305231048805813e-05,betweenness (initial ranking),0.0003552211319518604
0.3772262773722628,0.003211678832116788,1825.0,7.585345275181723e-05,betweenness (initial ranking),0.00028956561323015647
0.38715328467153287,0.003211678832116788,1805.0,7.244613187954308e-05,betweenness (initial ranking),0.00027655838782302645
0.3970802919708029,0.003211678832116788,1781.0,7.14726116303219e-05,betweenness (initial ranking),0.0002728420377067036
0.407007299270073,0.002627737226277372,1763.0,6.830867082035305e-05,betweenness (initial ranking),0.00026076389982865425
0.41693430656934305,0.002627737226277372,1740.0,6.830867082035305e-05,betweenness (initial ranking),0.00026076389982865425
0.42686131386861315,0.002627737226277372,1718.0,6.360332294911735e-05,betweenness (initial ranking),0.00024280154093309384
0.4367883211678832,0.002627737226277372,1697.0,6.0682762201453794e-05,betweenness (initial ranking),0.00023165249058412521
0.4467153284671533,0.0020437956204379564,1684.0,6.01148753894081e-05,betweenness (initial ranking),0.00022948461968293687
0.4566423357664234,0.00145985401459854,1672.0,5.40303738317757e-05,betweenness (initial ranking),0.00020625743145591895
0.4665693430656934,0.00145985401459854,1654.0,4.380841121495327e-05,betweenness (initial ranking),0.0001672357552345289
0.4764963503649635,0.00145985401459854,1628.0,4.088785046728972e-05,betweenness (initial ranking),0.00015608670488556032
0.48642335766423356,0.0011678832116788322,1622.0,3.309968847352025e-05,betweenness (initial ranking),0.0001263559039549774
0.49635036496350365,0.0008759124087591241,1602.0,3.309968847352025e-05,betweenness (initial ranking),0.0001263559039549774
0.5062773722627737,0.0008759124087591241,1575.0,3.01791277258567e-05,betweenness (initial ranking),0.0001152068536060088
0.5162043795620438,0.0008759124087591241,1547.0,3.01791277258567e-05,betweenness (initial ranking),0.0001152068536060088
0.5261313868613139,0.0008759124087591241,1513.0,3.01791277258567e-05,betweenness (initial ranking),0.0001152068536060088
0.536058394160584,0.0008759124087591241,1481.0,3.01791277258567e-05,betweenness (initial ranking),0.0001152068536060088
0.545985401459854,0.0008759124087591241,1450.0,2.823208722741433e-05,betweenness (initial ranking),0.00010777415337336307
0.5559124087591241,0.0008759124087591241,1418.0,2.6285046728971963e-05,betweenness (initial ranking),0.00010034145314071734
0.5658394160583942,0.0008759124087591241,1386.0,2.6285046728971963e-05,betweenness (initial ranking),0.00010034145314071734
0.5757664233576643,0.0008759124087591241,1355.0,2.531152647975078e-05,betweenness (initial ranking),9.662510302439447e-05
0.5856934306569344,0.0008759124087591241,1326.0,2.4338006230529594e-05,betweenness (initial ranking),9.290875290807161e-05
0.5956204379562043,0.0008759124087591241,1294.0,2.4338006230529594e-05,betweenness (initial ranking),9.290875290807161e-05
0.6055474452554744,0.0008759124087591241,1262.0,2.2390965732087226e-05,betweenness (initial ranking),8.547605267542588e-05
0.6154744525547445,0.0008759124087591241,1230.0,2.2390965732087226e-05,betweenness (initial ranking),8.547605267542588e-05
0.6254014598540146,0.0008759124087591241,1202.0,1.9470404984423677e-05,betweenness (initial ranking),7.432700232645729e-05
0.6353284671532847,0.0005839416058394161,1174.0,1.8496884735202493e-05,betweenness (initial ranking),7.061065221013443e-05
0.6452554744525547,0.0005839416058394161,1142.0,1.8496884735202493e-05,betweenness (initial ranking),7.061065221013443e-05
0.6551824817518248,0.0005839416058394161,1112.0,1.8496884735202493e-05,betweenness (initial ranking),7.061065221013443e-05
0.6651094890510949,0.0005839416058394161,1081.0,1.6549844236760124e-05,betweenness (initial ranking),6.31779519774887e-05
0.675036496350365,0.0005839416058394161,1050.0,1.4602803738317758e-05,betweenness (initial ranking),5.5745251744842965e-05
0.684963503649635,0.0005839416058394161,1016.0,1.4602803738317758e-05,betweenness (initial ranking),5.5745251744842965e-05
0.6948905109489051,0.0005839416058394161,983.0,1.4602803738317758e-05,betweenness (initial ranking),5.5745251744842965e-05
0.7048175182481752,0.0005839416058394161,950.0,1.4602803738317758e-05,betweenness (initial ranking),5.5745251744842965e-05
0.7147445255474453,0.0005839416058394161,917.0,1.3629283489096573e-05,betweenness (initial ranking),5.20289016285201e-05
0.7246715328467154,0.0005839416058394161,885.0,1.265576323987539e-05,betweenness (initial ranking),4.831255151219723e-05
0.7345985401459854,0.0005839416058394161,854.0,1.1682242990654205e-05,betweenness (initial ranking),4.459620139587437e-05
0.7445255474452555,0.0005839416058394161,821.0,1.1682242990654205e-05,betweenness (initial ranking),4.459620139587437e-05
0.7544525547445255,0.0005839416058394161,790.0,1.1682242990654205e-05,betweenness (initial ranking),4.459620139587437e-05
0.7643795620437956,0.0005839416058394161,757.0,1.1682242990654205e-05,betweenness (initial ranking),4.459620139587437e-05
0.7743065693430657,0.0005839416058394161,723.0,1.1682242990654205e-05,betweenness (initial ranking),4.459620139587437e-05
0.7842335766423357,0.0005839416058394161,689.0,1.1682242990654205e-05,betweenness (initial ranking),4.459620139587437e-05
0.7941605839416058,0.0005839416058394161,656.0,1.1682242990654205e-05,betweenness (initial ranking),4.459620139587437e-05
0.8040875912408759,0.0005839416058394161,627.0,1.0708722741433023e-05,betweenness (initial ranking),4.087985127955151e-05
0.814014598540146,0.0005839416058394161,596.0,9.735202492211838e-06,betweenness (initial ranking),3.716350116322864e-05
0.8239416058394161,0.0005839416058394161,567.0,8.761682242990654e-06,betweenness (initial ranking),3.344715104690578e-05
0.8338686131386861,0.0005839416058394161,536.0,6.814641744548287e-06,betweenness (initial ranking),2.601445081426005e-05
0.8437956204379562,0.0005839416058394161,503.0,5.8411214953271025e-06,betweenness (initial ranking),2.2298100697937184e-05
0.8537226277372263,0.0005839416058394161,472.0,5.8411214953271025e-06,betweenness (initial ranking),2.2298100697937184e-05
0.8636496350364964,0.0005839416058394161,443.0,4.867601246105919e-06,betweenness (initial ranking),1.858175058161432e-05
0.8735766423357664,0.0005839416058394161,411.0,3.894080996884735e-06,betweenness (initial ranking),1.4865400465291458e-05
0.8835036496350365,0.0005839416058394161,379.0,2.9205607476635513e-06,betweenness (initial ranking),1.1149050348968592e-05
0.8934306569343066,0.0005839416058394161,348.0,2.9205607476635513e-06,betweenness (initial ranking),1.1149050348968592e-05
0.9033576642335767,0.0005839416058394161,314.0,2.9205607476635513e-06,betweenness (initial ranking),1.1149050348968592e-05
0.9132846715328468,0.0005839416058394161,281.0,1.9470404984423675e-06,betweenness (initial ranking),7.432700232645729e-06
0.9232116788321167,0.0005839416058394161,248.0,1.9470404984423675e-06,betweenness (initial ranking),7.432700232645729e-06
0.9331386861313868,0.0005839416058394161,215.0,1.9470404984423675e-06,betweenness (initial ranking),7.432700232645729e-06
0.9430656934306569,0.0005839416058394161,183.0,1.9470404984423675e-06,betweenness (initial ranking),7.432700232645729e-06
0.952992700729927,0.0005839416058394161,151.0,1.9470404984423675e-06,betweenness (initial ranking),7.432700232645729e-06
0.9629197080291971,0.0005839416058394161,118.0,1.9470404984423675e-06,betweenness (initial ranking),7.432700232645729e-06
0.9728467153284671,0.0005839416058394161,85.0,1.9470404984423675e-06,betweenness (initial ranking),7.432700232645729e-06
0.9827737226277372,0.0005839416058394161,54.0,9.735202492211838e-07,betweenness (initial ranking),3.7163501163228644e-06
0.9927007299270073,0.0005839416058394161,23.0,0.0,betweenness (initial ranking),0.0
1.0,0.0,0.0,0.0,betweenness (initial ranking),0.0
0.0,0.9918248175182481,8.0,0.2619560102653707,betweenness (adaptive),1.0
0.009927007299270074,0.8741605839416058,179.0,0.18310953410335493,betweenness (adaptive),0.6990087149283519
0.019854014598540148,0.8125547445255474,283.0,0.1332617057174928,betweenness (adaptive),0.5087178781754005
0.02978102189781022,0.6978102189781021,435.0,0.08475077525771443,betweenness (adaptive),0.3235305621423189
0.039708029197080295,0.4154744525547445,564.0,0.041977244568600136,betweenness (adaptive),0.16024539588183415
0.049635036496350364,0.34861313868613136,656.0,0.029223186529526567,betweenness (adaptive),0.11155761037863741
0.05956204379562044,0.20467153284671533,732.0,0.017710089409197733,betweenness (adaptive),0.06760711232109845
0.06948905109489051,0.15182481751824817,796.0,0.012371164697651742,betweenness (adaptive),0.04722611512184552
0.07941605839416059,0.12379562043795621,896.0,0.008366274465760925,betweenness (adaptive),0.03193770762230495
0.08934306569343066,0.09518248175182482,966.0,0.006141506178492639,betweenness (adaptive),0.02344479965270152
0.09927007299270073,0.07357664233576643,1043.0,0.004429398547973314,betweenness (adaptive),0.016908940335005777
0.1091970802919708,0.05693430656934306,1143.0,0.003134423001172417,betweenness (adaptive),0.011965455566364505
0.11912408759124088,0.03532846715328467,1219.0,0.0022613647277782787,betweenness (adaptive),0.008632612496607489
0.12905109489051095,0.02072992700729927,1310.0,0.0014664344854911442,betweenness (adaptive),0.005598018094738862
0.13897810218978102,0.015182481751824817,1421.0,0.0009434616444692379,betweenness (adaptive),0.0036016033513164214
0.14890510948905109,0.009927007299270074,1518.0,0.000643752251447929,betweenness (adaptive),0.002457482272675421
0.15883211678832118,0.006131386861313868,1603.0,0.0005180425752855658,betweenness (adaptive),0.0019775937752326066
0.16875912408759125,0.004379562043795621,1712.0,0.0004031799343569203,betweenness (adaptive),0.0015391131279961273
0.17868613138686132,0.0035036496350364962,1768.0,0.00034332814122533747,betweenness (adaptive),0.0013106328076898635
0.1886131386861314,0.00291970802919708,1830.0,0.00026366173416407057,betweenness (adaptive),0.0010065114898374422
0.19854014598540146,0.0023357664233576644,1888.0,0.00023096767912772584,betweenness (adaptive),0.0008817040650975995
0.20846715328467152,0.0020437956204379564,1938.0,0.00018748377466251296,betweenness (adaptive),0.0007157070932351783
0.2183941605839416,0.0017518248175182481,1981.0,0.00016452492211838007,betweenness (adaptive),0.0006280631696585641
0.2283211678832117,0.0017518248175182481,2025.0,0.00014034916926272065,betweenness (adaptive),0.0005357738084365462
0.23824817518248176,0.0017518248175182481,2046.0,0.00013402128764278295,betweenness (adaptive),0.0005116175326804476
0.24817518248175183,0.0017518248175182481,2066.0,0.00011244158878504674,betweenness (adaptive),0.00042923843843529087
0.2581021897810219,0.0011678832116788322,2097.0,9.58917445482866e-05,betweenness (adaptive),0.00036606048645780213
0.268029197080292,0.0011678832116788322,2130.0,7.20404984423676e-05,betweenness (adaptive),0.000275009908607892
0.27795620437956203,0.0011678832116788322,2157.0,6.230529595015576e-05,betweenness (adaptive),0.00023784640744466332
0.28788321167883213,0.0011678832116788322,2128.0,6.230529595015576e-05,betweenness (adaptive),0.00023784640744466332
0.29781021897810217,0.0011678832116788322,2100.0,6.03582554517134e-05,betweenness (adaptive),0.0002304137072120176
0.30773722627737227,0.0011678832116788322,2073.0,5.7437694704049846e-05,betweenness (adaptive),0.000219264656863049
0.31766423357664236,0.0011678832116788322,2046.0,5.549065420560748e-05,betweenness (adaptive),0.00021183195663040328
0.3275912408759124,0.0011678832116788322,2014.0,5.549065420560748e-05,betweenness (adaptive),0.00021183195663040328
0.3375182481751825,0.0011678832116788322,1990.0,5.2570093457943925e-05,betweenness (adaptive),0.00020068290628143468
0.34744525547445254,0.0011678832116788322,1962.0,5.159657320872274e-05,betweenness (adaptive),0.00019696655616511182
0.35737226277372264,0.0011678832116788322,1938.0,5.062305295950156e-05,betweenness (adaptive),0.00019325020604878893
0.3672992700729927,0.0011678832116788322,1909.0,5.062305295950156e-05,betweenness (adaptive),0.00019325020604878893
0.3772262773722628,0.0011678832116788322,1881.0,4.7702492211838004e-05,betweenness (adaptive),0.00018210115569982036
0.38715328467153287,0.0011678832116788322,1855.0,4.5755451713395636e-05,betweenness (adaptive),0.0001746684554671746
0.3970802919708029,0.0011678832116788322,1826.0,4.478193146417445e-05,betweenness (adaptive),0.00017095210535085175
0.407007299270073,0.0011678832116788322,1795.0,4.380841121495327e-05,betweenness (adaptive),0.0001672357552345289
0.41693430656934305,0.0011678832116788322,1762.0,4.380841121495327e-05,betweenness (adaptive),0.0001672357552345289
0.42686131386861315,0.0011678832116788322,1731.0,4.283489096573209e-05,betweenness (adaptive),0.00016351940511820604
0.4367883211678832,0.0011678832116788322,1699.0,4.283489096573209e-05,betweenness (adaptive),0.00016351940511820604
0.4467153284671533,0.0008759124087591241,1677.0,4.088785046728972e-05,betweenness (adaptive),0.00015608670488556032
0.4566423357664234,0.0008759124087591241,1648.0,3.991433021806854e-05,betweenness (adaptive),0.00015237035476923746
0.4665693430656934,0.0008759124087591241,1616.0,3.991433021806854e-05,betweenness (adaptive),0.00015237035476923746
0.4764963503649635,0.0008759124087591241,1584.0,3.8940809968847354e-05,betweenness (adaptive),0.00014865400465291457
0.48642335766423356,0.0008759124087591241,1560.0,3.796728971962617e-05,betweenness (adaptive),0.0001449376545365917
0.49635036496350365,0.0008759124087591241,1529.0,3.796728971962617e-05,betweenness (adaptive),0.0001449376545365917
0.5062773722627737,0.0008759124087591241,1502.0,3.407320872274143e-05,betweenness (adaptive),0.00013007225407130025
0.5162043795620438,0.0008759124087591241,1478.0,3.407320872274143e-05,betweenness (adaptive),0.00013007225407130025
0.5261313868613139,0.0008759124087591241,1451.0,3.2126168224299064e-05,betweenness (adaptive),0.00012263955383865453
0.536058394160584,0.0008759124087591241,1421.0,3.01791277258567e-05,betweenness (adaptive),0.0001152068536060088
0.545985401459854,0.0008759124087591241,1390.0,3.01791277258567e-05,betweenness (adaptive),0.0001152068536060088
0.5559124087591241,0.0008759124087591241,1360.0,2.823208722741433e-05,betweenness (adaptive),0.00010777415337336307
0.5658394160583942,0.0008759124087591241,1336.0,2.7258566978193147e-05,betweenness (adaptive),0.0001040578032570402
0.5757664233576643,0.0008759124087591241,1305.0,2.7258566978193147e-05,betweenness (adaptive),0.0001040578032570402
0.5856934306569344,0.0008759124087591241,1274.0,2.7258566978193147e-05,betweenness (adaptive),0.0001040578032570402
0.5956204379562043,0.0008759124087591241,1245.0,2.6285046728971963e-05,betweenness (adaptive),0.00010034145314071734
0.6055474452554744,0.0008759124087591241,1214.0,2.531152647975078e-05,betweenness (adaptive),9.662510302439447e-05
0.6154744525547445,0.0008759124087591241,1183.0,2.531152647975078e-05,betweenness (adaptive),9.662510302439447e-05
0.6254014598540146,0.0008759124087591241,1150.0,2.531152647975078e-05,betweenness (adaptive),9.662510302439447e-05
0.6353284671532847,0.0008759124087591241,1123.0,2.336448598130841e-05,betweenness (adaptive),8.919240279174874e-05
0.6452554744525547,0.0008759124087591241,1093.0,2.2390965732087226e-05,betweenness (adaptive),8.547605267542588e-05
0.6551824817518248,0.0008759124087591241,1062.0,2.044392523364486e-05,betweenness (adaptive),7.804335244278016e-05
0.6651094890510949,0.0008759124087591241,1032.0,1.8496884735202493e-05,betweenness (adaptive),7.061065221013443e-05
0.675036496350365,0.0008759124087591241,1006.0,1.8496884735202493e-05,betweenness (adaptive),7.061065221013443e-05
0.684963503649635,0.0008759124087591241,974.0,1.8496884735202493e-05,betweenness (adaptive),7.061065221013443e-05
0.6948905109489051,0.0008759124087591241,942.0,1.8496884735202493e-05,betweenness (adaptive),7.061065221013443e-05
0.7048175182481752,0.0008759124087591241,910.0,1.8496884735202493e-05,betweenness (adaptive),7.061065221013443e-05
0.7147445255474453,0.0008759124087591241,877.0,1.8496884735202493e-05,betweenness (adaptive),7.061065221013443e-05
0.7246715328467154,0.0008759124087591241,844.0,1.8496884735202493e-05,betweenness (adaptive),7.061065221013443e-05
0.7345985401459854,0.0008759124087591241,811.0,1.8496884735202493e-05,betweenness (adaptive),7.061065221013443e-05
0.7445255474452555,0.0008759124087591241,783.0,1.6549844236760124e-05,betweenness (adaptive),6.31779519774887e-05
0.7544525547445255,0.0008759124087591241,755.0,1.6549844236760124e-05,betweenness (adaptive),6.31779519774887e-05
0.7643795620437956,0.0008759124087591241,725.0,1.557632398753894e-05,betweenness (adaptive),5.946160186116583e-05
0.7743065693430657,0.0008759124087591241,696.0,1.4602803738317758e-05,betweenness (adaptive),5.5745251744842965e-05
0.7842335766423357,0.0008759124087591241,668.0,1.265576323987539e-05,betweenness (adaptive),4.831255151219723e-05
0.7941605839416058,0.0008759124087591241,636.0,1.1682242990654205e-05,betweenness (adaptive),4.459620139587437e-05
0.8040875912408759,0.0008759124087591241,604.0,1.0708722741433023e-05,betweenness (adaptive),4.087985127955151e-05
0.814014598540146,0.0008759124087591241,572.0,9.735202492211838e-06,betweenness (adaptive),3.716350116322864e-05
0.8239416058394161,0.0008759124087591241,542.0,8.761682242990654e-06,betweenness (adaptive),3.344715104690578e-05
0.8338686131386861,0.0005839416058394161,515.0,7.78816199376947e-06,betweenness (adaptive),2.9730800930582915e-05
0.8437956204379562,0.0005839416058394161,483.0,7.78816199376947e-06,betweenness (adaptive),2.9730800930582915e-05
0.8537226277372263,0.0005839416058394161,452.0,6.814641744548287e-06,betweenness (adaptive),2.601445081426005e-05
0.8636496350364964,0.0005839416058394161,423.0,6.814641744548287e-06,betweenness (adaptive),2.601445081426005e-05
0.8735766423357664,0.0005839416058394161,393.0,6.814641744548287e-06,betweenness (adaptive),2.601445081426005e-05
0.8835036496350365,0.0005839416058394161,359.0,6.814641744548287e-06,betweenness (adaptive),2.601445081426005e-05
0.8934306569343066,0.0005839416058394161,327.0,5.8411214953271025e-06,betweenness (adaptive),2.2298100697937184e-05
0.9033576642335767,0.0005839416058394161,296.0,5.8411214953271025e-06,betweenness (adaptive),2.2298100697937184e-05
0.9132846715328468,0.0005839416058394161,266.0,4.867601246105919e-06,betweenness (adaptive),1.858175058161432e-05
0.9232116788321167,0.0005839416058394161,234.0,4.867601246105919e-06,betweenness (adaptive),1.858175058161432e-05
0.9331386861313868,0.0005839416058394161,202.0,4.867601246105919e-06,betweenness (adaptive),1.858175058161432e-05
0.9430656934306569,0.0005839416058394161,171.0,4.867601246105919e-06,betweenness (adaptive),1.858175058161432e-05
0.952992700729927,0.0005839416058394161,138.0,4.867601246105919e-06,betweenness (adaptive),1.858175058161432e-05
0.9629197080291971,0.0005839416058394161,105.0,4.867601246105919e-06,betweenness (adaptive),1.858175058161432e-05
0.9728467153284671,0.0005839416058394161,76.0,2.9205607476635513e-06,betweenness (adaptive),1.1149050348968592e-05
0.9827737226277372,0.0005839416058394161,49.0,1.9470404984423675e-06,betweenness (adaptive),7.432700232645729e-06
0.9927007299270073,0.0005839416058394161,22.0,0.0,betweenness (adaptive),0.0
1.0,0.0,0.0,0.0,betweenness (adaptive),0.0
0.0,0.9918248175182481,8.0,0.2619560102653707,PageRank (initial ranking),1.0
0.009927007299270074,0.9258394160583941,176.0,0.2051896781394445,PageRank (initial ranking),0.7832982260326079
0.019854014598540148,0.8110948905109489,355.0,0.13829606147100715,PageRank (initial ranking),0.5279362032232372
0.02978102189781022,0.7392700729927008,522.0,0.10023271546184419,PageRank (initial ranking),0.3826318600604159
0.039708029197080295,0.6756204379562044,637.0,0.07619506526073193,PageRank (initial ranking),0.290869696723292
0.049635036496350364,0.6242335766423358,759.0,0.058999065142063975,PageRank (initial ranking),0.22522508677046899
0.05956204379562044,0.5456934306569343,884.0,0.04457552824087408,PageRank (initial ranking),0.17016417449524254
0.06948905109489051,0.49576642335766424,980.0,0.034607896812309386,PageRank (initial ranking),0.1321133910126756
0.07941605839416059,0.4405839416058394,1080.0,0.023619922420348296,PageRank (initial ranking),0.09016751475341406
0.08934306569343066,0.38043795620437953,1176.0,0.01601344973252608,PageRank (initial ranking),0.06113030090931638
0.09927007299270073,0.17021897810218978,1251.0,0.006463194909276346,PageRank (initial ranking),0.02467282542106555
0.1091970802919708,0.10948905109489052,1359.0,0.0034399641047009105,PageRank (initial ranking),0.013131838819869433
0.11912408759124088,0.09722627737226278,1431.0,0.0026657130291423414,PageRank (initial ranking),0.010176185789521989
0.12905109489051095,0.08437956204379563,1510.0,0.0020670205989653623,PageRank (initial ranking),0.007890716448427343
0.13897810218978102,0.0727007299270073,1584.0,0.0015260975477955961,PageRank (initial ranking),0.005825777947410351
0.14890510948905109,0.05956204379562044,1645.0,0.001057666185916666,PageRank (initial ranking),0.004037571746665453
0.15883211678832118,0.028613138686131388,1695.0,0.0006402870535786114,PageRank (initial ranking),0.0024442541056033723
0.16875912408759125,0.021021897810218976,1754.0,0.0004691748331497163,PageRank (initial ranking),0.0017910443538761553
0.17868613138686132,0.012262773722627737,1792.0,0.0003827190192552342,PageRank (initial ranking),0.001461004917839168
0.1886131386861314,0.0075912408759124085,1837.0,0.0003018759159238131,PageRank (initial ranking),0.0011523916386495662
0.19854014598540146,0.006423357664233576,1850.0,0.00026972923774909755,PageRank (initial ranking),0.0010296737894116357
0.20846715328467152,0.006423357664233576,1879.0,0.00024227596672106013,PageRank (initial ranking),0.0009248727161313306
0.2183941605839416,0.004379562043795621,1895.0,0.000215749471517579,PageRank (initial ranking),0.0008236095491720811
0.2283211678832117,0.004379562043795621,1913.0,0.0001966997663551402,PageRank (initial ranking),0.0007508885410030348
0.23824817518248176,0.004379562043795621,1923.0,0.00017327037902388368,PageRank (initial ranking),0.0006614483815368644
0.24817518248175183,0.0035036496350364962,1926.0,0.0001640706126687435,PageRank (initial ranking),0.0006263288729376134
0.2581021897810219,0.0035036496350364962,1931.0,0.00014971118899273101,PageRank (initial ranking),0.000571512708721851
0.268029197080292,0.0035036496350364962,1932.0,0.00014273429387331253,PageRank (initial ranking),0.0005448788662215371
0.27795620437956203,0.0035036496350364962,1931.0,0.00013092224818276221,PageRank (initial ranking),0.0004997871514768199
0.28788321167883213,0.0035036496350364962,1924.0,0.00012921858774662511,PageRank (initial ranking),0.0004932835387732548
0.29781021897810217,0.0035036496350364962,1915.0,0.00012134929906542056,PageRank (initial ranking),0.00046324304199964504
0.30773722627737227,0.0035036496350364962,1917.0,0.00011023494288681205,PageRank (initial ranking),0.000420814711504959
0.31766423357664236,0.0035036496350364962,1904.0,0.00011023494288681205,PageRank (initial ranking),0.000420814711504959
0.3275912408759124,0.0035036496350364962,1897.0,0.00010290109034267913,PageRank (initial ranking),0.0003928182072953268
0.3375182481751825,0.003211678832116788,1889.0,9.138110072689513e-05,PageRank (initial ranking),0.0003488413975855062
0.34744525547445254,0.003211678832116788,1880.0,8.602673935617862e-05,PageRank (initial ranking),0.0003284014719457305
0.35737226277372264,0.0023357664233576644,1869.0,7.885514018691588e-05,PageRank (initial ranking),0.000301024359422152
0.3672992700729927,0.0023357664233576644,1862.0,7.122923156801661e-05,PageRank (initial ranking),0.0002719129501776229
0.3772262773722628,0.0023357664233576644,1849.0,6.165628245067497e-05,PageRank (initial ranking),0.00023536884070044807
0.38715328467153287,0.0023357664233576644,1828.0,5.7275441329179646e-05,PageRank (initial ranking),0.00021864526517699517
0.3970802919708029,0.0023357664233576644,1806.0,5.2407840083073725e-05,PageRank (initial ranking),0.00020006351459538085
0.407007299270073,0.0023357664233576644,1790.0,5.2407840083073725e-05,PageRank (initial ranking),0.00020006351459538085
0.41693430656934305,0.0023357664233576644,1773.0,4.867601246105919e-05,PageRank (initial ranking),0.00018581750581614322
0.42686131386861315,0.0023357664233576644,1748.0,4.867601246105919e-05,PageRank (initial ranking),0.00018581750581614322
0.4367883211678832,0.0023357664233576644,1733.0,4.429517133956386e-05,PageRank (initial ranking),0.00016909393029269034
0.4467153284671533,0.00145985401459854,1714.0,3.8940809968847354e-05,PageRank (initial ranking),0.00014865400465291457
0.4566423357664234,0.00145985401459854,1698.0,3.60202492211838e-05,PageRank (initial ranking),0.000137504954303946
0.4665693430656934,0.00145985401459854,1676.0,3.115264797507788e-05,PageRank (initial ranking),0.00011892320372233166
0.4764963503649635,0.00145985401459854,1658.0,3.115264797507788e-05,PageRank (initial ranking),0.00011892320372233166
0.48642335766423356,0.00145985401459854,1635.0,3.01791277258567e-05,PageRank (initial ranking),0.0001152068536060088
0.49635036496350365,0.00145985401459854,1608.0,2.9205607476635515e-05,PageRank (initial ranking),0.00011149050348968593
0.5062773722627737,0.00145985401459854,1584.0,2.7258566978193147e-05,PageRank (initial ranking),0.0001040578032570402
0.5162043795620438,0.0008759124087591241,1555.0,2.7258566978193147e-05,PageRank (initial ranking),0.0001040578032570402
0.5261313868613139,0.0008759124087591241,1537.0,2.1904205607476634e-05,PageRank (initial ranking),8.361787761726445e-05
0.536058394160584,0.0008759124087591241,1508.0,2.044392523364486e-05,PageRank (initial ranking),7.804335244278016e-05
0.545985401459854,0.0008759124087591241,1481.0,1.8496884735202493e-05,PageRank (initial ranking),7.061065221013443e-05
0.5559124087591241,0.0008759124087591241,1450.0,1.8496884735202493e-05,PageRank (initial ranking),7.061065221013443e-05
0.5658394160583942,0.0008759124087591241,1417.0,1.8496884735202493e-05,PageRank (initial ranking),7.061065221013443e-05
0.5757664233576643,0.0008759124087591241,1388.0,1.8496884735202493e-05,PageRank (initial ranking),7.061065221013443e-05
0.5856934306569344,0.0008759124087591241,1356.0,1.752336448598131e-05,PageRank (initial ranking),6.689430209381155e-05
0.5956204379562043,0.0008759124087591241,1328.0,1.557632398753894e-05,PageRank (initial ranking),5.946160186116583e-05
0.6055474452554744,0.0008759124087591241,1299.0,1.557632398753894e-05,PageRank (initial ranking),5.946160186116583e-05
0.6154744525547445,0.0008759124087591241,1272.0,1.4116043613707166e-05,PageRank (initial ranking),5.3887076686681535e-05
0.6254014598540146,0.0008759124087591241,1244.0,1.3142523364485981e-05,PageRank (initial ranking),5.017072657035867e-05
0.6353284671532847,0.0008759124087591241,1213.0,1.2169003115264797e-05,PageRank (initial ranking),4.6454376454035804e-05
0.6452554744525547,0.0008759124087591241,1184.0,1.022196261682243e-05,PageRank (initial ranking),3.902167622139008e-05
0.6551824817518248,0.0008759124087591241,1153.0,1.022196261682243e-05,PageRank (initial ranking),3.902167622139008e-05
0.6651094890510949,0.0008759124087591241,1123.0,9.248442367601246e-06,PageRank (initial ranking),3.5305326105067214e-05
0.675036496350365,0.0008759124087591241,1090.0,8.274922118380062e-06,PageRank (initial ranking),3.158897598874435e-05
0.684963503649635,0.0005839416058394161,1062.0,5.8411214953271025e-06,PageRank (initial ranking),2.2298100697937184e-05
0.6948905109489051,0.0005839416058394161,1031.0,3.894080996884735e-06,PageRank (initial ranking),1.4865400465291458e-05
0.7048175182481752,0.0005839416058394161,999.0,9.735202492211838e-07,PageRank (initial ranking),3.7163501163228644e-06
0.7147445255474453,0.0005839416058394161,966.0,9.735202492211838e-07,PageRank (initial ranking),3.7163501163228644e-06
0.7246715328467154,0.0005839416058394161,933.0,9.735202492211838e-07,PageRank (initial ranking),3.7163501163228644e-06
0.7345985401459854,0.0005839416058394161,900.0,9.735202492211838e-07,PageRank (initial ranking),3.7163501163228644e-06
0.7445255474452555,0.0005839416058394161,866.0,9.735202492211838e-07,PageRank (initial ranking),3.7163501163228644e-06
0.7544525547445255,0.0005839416058394161,833.0,0.0,PageRank (initial ranking),0.0
0.7643795620437956,0.0005839416058394161,800.0,0.0,PageRank (initial ranking),0.0
0.7743065693430657,0.0005839416058394161,767.0,0.0,PageRank (initial ranking),0.0
0.7842335766423357,0.0005839416058394161,733.0,0.0,PageRank (initial ranking),0.0
0.7941605839416058,0.0005839416058394161,701.0,0.0,PageRank (initial ranking),0.0
0.8040875912408759,0.0005839416058394161,667.0,0.0,PageRank (initial ranking),0.0
0.814014598540146,0.0005839416058394161,633.0,0.0,PageRank (initial ranking),0.0
0.8239416058394161,0.0005839416058394161,599.0,0.0,PageRank (initial ranking),0.0
0.8338686131386861,0.0005839416058394161,565.0,0.0,PageRank (initial ranking),0.0
0.8437956204379562,0.0005839416058394161,532.0,0.0,PageRank (initial ranking),0.0
0.8537226277372263,0.0005839416058394161,500.0,0.0,PageRank (initial ranking),0.0
0.8636496350364964,0.0005839416058394161,466.0,0.0,PageRank (initial ranking),0.0
0.8735766423357664,0.0005839416058394161,432.0,0.0,PageRank (initial ranking),0.0
0.8835036496350365,0.0005839416058394161,398.0,0.0,PageRank (initial ranking),0.0
0.8934306569343066,0.00029197080291970805,365.0,0.0,PageRank (initial ranking),0.0
0.9033576642335767,0.00029197080291970805,331.0,0.0,PageRank (initial ranking),0.0
0.9132846715328468,0.00029197080291970805,297.0,0.0,PageRank (initial ranking),0.0
0.9232116788321167,0.00029197080291970805,263.0,0.0,PageRank (initial ranking),0.0
0.9331386861313868,0.00029197080291970805,229.0,0.0,PageRank (initial ranking),0.0
0.9430656934306569,0.00029197080291970805,195.0,0.0,PageRank (initial ranking),0.0
0.952992700729927,0.00029197080291970805,161.0,0.0,PageRank (initial ranking),0.0
0.9629197080291971,0.00029197080291970805,127.0,0.0,PageRank (initial ranking),0.0
0.9728467153284671,0.00029197080291970805,93.0,0.0,PageRank (initial ranking),0.0
0.9827737226277372,0.00029197080291970805,59.0,0.0,PageRank (initial ranking),0.0
0.9927007299270073,0.00029197080291970805,25.0,0.0,PageRank (initial ranking),0.0
1.0,0.0,0.0,0.0,PageRank (initial ranking),0.0
0.0,0.9918248175182481,8.0,0.2619560102653707,degree (initial ranking),1.0
0.009927007299270074,0.945985401459854,124.0,0.21823743692866066,degree (initial ranking),0.8331071950117824
0.019854014598540148,0.9013138686131387,234.0,0.176491891370031,degree (initial ranking),0.6737462950028842
0.02978102189781022,0.8455474452554744,369.0,0.13988152039743745,degree (initial ranking),0.5339885893655677
0.039708029197080295,0.7953284671532846,483.0,0.11075396916032867,degree (initial ranking),0.4227960604840904
0.049635036496350364,0.7509489051094891,586.0,0.09134720141183418,degree (initial ranking),0.34871198915915785
0.05956204379562044,0.6630656934306569,662.0,0.062298201466244894,degree (initial ranking),0.23781932471461378
0.06948905109489051,0.6166423357664234,747.0,0.04675953632095049,degree (initial ranking),0.178501483029847
0.07941605839416059,0.3115328467153285,845.0,0.021467621656926207,degree (initial ranking),0.08195124683407244
0.08934306569343066,0.14364963503649636,937.0,0.009848596779551813,degree (initial ranking),0.03759637646631905
0.09927007299270073,0.134014598540146,1053.0,0.006345174377613073,degree (initial ranking),0.024222289731719412
0.1091970802919708,0.12788321167883213,1159.0,0.0049319283345951245,degree (initial ranking),0.018827315050335768
0.11912408759124088,0.1054014598540146,1274.0,0.003220461555720229,degree (initial ranking),0.012293902142034411
0.12905109489051095,0.09751824817518248,1349.0,0.0027230238889584778,degree (initial ranking),0.010394966262465055
0.13897810218978102,0.05751824817518248,1394.0,0.0019245478031584932,degree (initial ranking),0.007346835834035105
0.14890510948905109,0.047007299270072994,1460.0,0.0016147873141692719,degree (initial ranking),0.00616434535147117
0.15883211678832118,0.0327007299270073,1504.0,0.0011817232881777275,degree (initial ranking),0.0045111516509226115
0.16875912408759125,0.0327007299270073,1560.0,0.001045832223548345,degree (initial ranking),0.003992396366431448
0.17868613138686132,0.032116788321167884,1582.0,0.0009350157322558024,degree (initial ranking),0.003569361631781605
0.1886131386861314,0.026861313868613138,1610.0,0.0008346430660244913,degree (initial ranking),0.003186195518778013
0.19854014598540146,0.026861313868613138,1634.0,0.0007888643650179864,degree (initial ranking),0.00301143831064933
0.20846715328467152,0.017518248175182483,1650.0,0.0006014290450815498,degree (initial ranking),0.0022959161901736132
0.2183941605839416,0.015182481751824817,1656.0,0.000510172843554853,degree (initial ranking),0.001947551587146368
0.2283211678832117,0.01167883211678832,1661.0,0.00041858106738363747,degree (initial ranking),0.0015979059497798888
0.23824817518248176,0.01167883211678832,1668.0,0.0003978982574192854,degree (initial ranking),0.0015189506704434857
0.24817518248175183,0.011386861313868613,1673.0,0.0003567585279033877,degree (initial ranking),0.0013619024337024324
0.2581021897810219,0.011386861313868613,1682.0,0.00034280473766455075,degree (initial ranking),0.0013086347487018047
0.268029197080292,0.006131386861313868,1692.0,0.0002605217801625512,degree (initial ranking),0.0009945249200376562
0.27795620437956203,0.00583941605839416,1682.0,0.00024682411846547363,degree (initial ranking),0.0009422349890557276
0.28788321167883213,0.00583941605839416,1670.0,0.00023392497516329293,degree (initial ranking),0.0008929933500144496
0.29781021897810217,0.00583941605839416,1692.0,0.0002085500574840528,degree (initial ranking),0.0007961262552166077
0.30773722627737227,0.00583941605839416,1699.0,0.00020708977711022104,degree (initial ranking),0.0007905517300421234
0.31766423357664236,0.00583941605839416,1677.0,0.00020708977711022104,degree (initial ranking),0.0007905517300421234
0.3275912408759124,0.0037956204379562043,1683.0,0.00016790211022103544,degree (initial ranking),0.0006409553651811412
0.3375182481751825,0.0037956204379562043,1671.0,0.00016222324210057854,degree (initial ranking),0.0006192766561692578
0.34744525547445254,0.0037956204379562043,1664.0,0.0001516767727340157,degree (initial ranking),0.00057901619657576
0.35737226277372264,0.0037956204379562043,1647.0,0.000145348891114078,degree (initial ranking),0.0005548599208196615
0.3672992700729927,0.0037956204379562043,1643.0,0.00013756072912030857,degree (initial ranking),0.0005251291198890786
0.3772262773722628,0.0037956204379562043,1632.0,0.0001226334186322504,degree (initial ranking),0.000468145084772128
0.38715328467153287,0.003211678832116788,1621.0,0.00011090134067645749,degree (initial ranking),0.00042335864164410854
0.3970802919708029,0.003211678832116788,1607.0,0.00010660162624239729,degree (initial ranking),0.00040694476196368265
0.407007299270073,0.0023357664233576644,1598.0,9.767653167185878e-05,degree (initial ranking),0.0003728737950043941
0.41693430656934305,0.0023357664233576644,1577.0,8.615654205607477e-05,degree (initial ranking),0.0003288969852945735
0.42686131386861315,0.0023357664233576644,1559.0,8.242471443406022e-05,degree (initial ranking),0.0003146509765153358
0.4367883211678832,0.0023357664233576644,1556.0,7.75571131879543e-05,degree (initial ranking),0.00029606922593372153
0.4467153284671533,0.0023357664233576644,1544.0,7.512331256490134e-05,degree (initial ranking),0.0002867783506429143
0.4566423357664234,0.0023357664233576644,1524.0,7.414979231568016e-05,degree (initial ranking),0.00028306200052659146
0.4665693430656934,0.0023357664233576644,1505.0,7.074247144340602e-05,degree (initial ranking),0.0002700547751194615
0.4764963503649635,0.0023357664233576644,1492.0,6.344106957424714e-05,degree (initial ranking),0.00024218214924703996
0.48642335766423356,0.0023357664233576644,1474.0,6.0033748701973e-05,degree (initial ranking),0.00022917492383990997
0.49635036496350365,0.0023357664233576644,1452.0,5.3705867082035304e-05,degree (initial ranking),0.00020501864808381134
0.5062773722627737,0.0023357664233576644,1424.0,5.224558670820353e-05,degree (initial ranking),0.00019944412290932704
0.5162043795620438,0.0023357664233576644,1410.0,4.397066458982347e-05,degree (initial ranking),0.0001678551469205827
0.5261313868613139,0.0023357664233576644,1395.0,3.6182502596054e-05,degree (initial ranking),0.0001381243459899998
0.536058394160584,0.0023357664233576644,1378.0,3.520898234683282e-05,degree (initial ranking),0.00013440799587367694
0.545985401459854,0.0023357664233576644,1363.0,3.520898234683282e-05,degree (initial ranking),0.00013440799587367694
0.5559124087591241,0.00145985401459854,1352.0,3.00168743509865e-05,degree (initial ranking),0.00011458746191995498
0.5658394160583942,0.00145985401459854,1329.0,2.6122793354101765e-05,degree (initial ranking),9.972206145466352e-05
0.5757664233576643,0.00145985401459854,1304.0,2.4175752855659397e-05,degree (initial ranking),9.228936122201779e-05
0.5856934306569344,0.00145985401459854,1283.0,2.1417445482866045e-05,degree (initial ranking),8.175970255910302e-05
0.5956204379562043,0.00145985401459854,1259.0,2.044392523364486e-05,degree (initial ranking),7.804335244278016e-05
0.6055474452554744,0.00145985401459854,1231.0,1.8496884735202493e-05,degree (initial ranking),7.061065221013443e-05
0.6154744525547445,0.00145985401459854,1207.0,1.752336448598131e-05,degree (initial ranking),6.689430209381155e-05
0.6254014598540146,0.00145985401459854,1180.0,1.557632398753894e-05,degree (initial ranking),5.946160186116583e-05
0.6353284671532847,0.00145985401459854,1150.0,1.557632398753894e-05,degree (initial ranking),5.946160186116583e-05
0.6452554744525547,0.00145985401459854,1120.0,1.557632398753894e-05,degree (initial ranking),5.946160186116583e-05
0.6551824817518248,0.00145985401459854,1092.0,1.3629283489096573e-05,degree (initial ranking),5.20289016285201e-05
0.6651094890510949,0.00145985401459854,1064.0,1.3629283489096573e-05,degree (initial ranking),5.20289016285201e-05
0.675036496350365,0.0011678832116788322,1037.0,1.3629283489096573e-05,degree (initial ranking),5.20289016285201e-05
0.684963503649635,0.0011678832116788322,1010.0,1.265576323987539e-05,degree (initial ranking),4.831255151219723e-05
0.6948905109489051,0.0011678832116788322,986.0,1.0708722741433023e-05,degree (initial ranking),4.087985127955151e-05
0.7048175182481752,0.0011678832116788322,956.0,8.761682242990654e-06,degree (initial ranking),3.344715104690578e-05
0.7147445255474453,0.0011678832116788322,929.0,6.814641744548287e-06,degree (initial ranking),2.601445081426005e-05
0.7246715328467154,0.0011678832116788322,909.0,5.8411214953271025e-06,degree (initial ranking),2.2298100697937184e-05
0.7345985401459854,0.0011678832116788322,877.0,4.867601246105919e-06,degree (initial ranking),1.858175058161432e-05
0.7445255474452555,0.0011678832116788322,848.0,4.867601246105919e-06,degree (initial ranking),1.858175058161432e-05
0.7544525547445255,0.0011678832116788322,819.0,4.867601246105919e-06,degree (initial ranking),1.858175058161432e-05
0.7643795620437956,0.0008759124087591241,795.0,1.9470404984423675e-06,degree (initial ranking),7.432700232645729e-06
0.7743065693430657,0.0005839416058394161,769.0,9.735202492211838e-07,degree (initial ranking),3.7163501163228644e-06
0.7842335766423357,0.0005839416058394161,736.0,9.735202492211838e-07,degree (initial ranking),3.7163501163228644e-06
0.7941605839416058,0.0005839416058394161,702.0,9.735202492211838e-07,degree (initial ranking),3.7163501163228644e-06
0.8040875912408759,0.0005839416058394161,668.0,9.735202492211838e-07,degree (initial ranking),3.7163501163228644e-06
0.814014598540146,0.0005839416058394161,634.0,9.735202492211838e-07,degree (initial ranking),3.7163501163228644e-06
0.8239416058394161,0.0005839416058394161,601.0,9.735202492211838e-07,degree (initial ranking),3.7163501163228644e-06
0.8338686131386861,0.0005839416058394161,567.0,9.735202492211838e-07,degree (initial ranking),3.7163501163228644e-06
0.8437956204379562,0.0005839416058394161,533.0,9.735202492211838e-07,degree (initial ranking),3.7163501163228644e-06
0.8537226277372263,0.0005839416058394161,500.0,0.0,degree (initial ranking),0.0
0.8636496350364964,0.0005839416058394161,466.0,0.0,degree (initial ranking),0.0
0.8735766423357664,0.0005839416058394161,432.0,0.0,degree (initial ranking),0.0
0.8835036496350365,0.0005839416058394161,398.0,0.0,degree (initial ranking),0.0
0.8934306569343066,0.0005839416058394161,364.0,0.0,degree (initial ranking),0.0
0.9033576642335767,0.0005839416058394161,330.0,0.0,degree (initial ranking),0.0
0.9132846715328468,0.0005839416058394161,296.0,0.0,degree (initial ranking),0.0
0.9232116788321167,0.0005839416058394161,262.0,0.0,degree (initial ranking),0.0
0.9331386861313868,0.0005839416058394161,228.0,0.0,degree (initial ranking),0.0
0.9430656934306569,0.0005839416058394161,194.0,0.0,degree (initial ranking),0.0
0.952992700729927,0.0005839416058394161,160.0,0.0,degree (initial ranking),0.0
0.9629197080291971,0.0005839416058394161,126.0,0.0,degree (initial ranking),0.0
0.9728467153284671,0.0005839416058394161,92.0,0.0,degree (initial ranking),0.0
0.9827737226277372,0.00029197080291970805,59.0,0.0,degree (initial ranking),0.0
0.9927007299270073,0.00029197080291970805,25.0,0.0,degree (initial ranking),0.0
1.0,0.0,0.0,0.0,degree (initial ranking),0.0
0.0,0.9918248175182481,8.0,0.2619560102653707,degree (adaptive),1.0
0.009927007299270074,0.945985401459854,124.0,0.21823743692866066,degree (adaptive),0.8331071950117824
0.019854014598540148,0.8983941605839416,243.0,0.180270634714779,degree (adaptive),0.6881714014966043
0.02978102189781022,0.8344525547445255,401.0,0.1358830513820292,degree (adaptive),0.5187246944415395
0.039708029197080295,0.7851094890510949,516.0,0.10588155660305988,degree (adaptive),0.40419594303561934
0.049635036496350364,0.7299270072992701,657.0,0.08194493370763717,degree (adaptive),0.31281944485497415
0.05956204379562044,0.6656934306569343,781.0,0.06342551307754876,degree (adaptive),0.24212276333456323
0.06948905109489051,0.5696350364963504,897.0,0.039208760507974665,degree (adaptive),0.14967688837623846
0.07941605839416059,0.49284671532846713,1017.0,0.02642152934397894,degree (adaptive),0.10086246663022926
0.08934306569343066,0.42627737226277373,1131.0,0.020043789211350624,degree (adaptive),0.07651585925074045
0.09927007299270073,0.24087591240875914,1246.0,0.008443102213329872,degree (adaptive),0.03223099254251396
0.1091970802919708,0.1856934306569343,1343.0,0.004563013458133677,degree (adaptive),0.017419006548126854
0.11912408759124088,0.08817518248175182,1457.0,0.0021444579329059905,degree (adaptive),0.008186328424889274
0.12905109489051095,0.0691970802919708,1558.0,0.0014577791979353768,degree (adaptive),0.005564977098477699
0.13897810218978102,0.06277372262773723,1641.0,0.0010431908718790104,degree (adaptive),0.003982313178545594
0.14890510948905109,0.02802919708029197,1717.0,0.0005315255795987013,degree (adaptive),0.0020290642656385213
0.15883211678832118,0.0072992700729927005,1793.0,0.000353035563973064,degree (adaptive),0.0013476902614886618
0.16875912408759125,0.004671532846715329,1860.0,0.0002917466344014241,degree (adaptive),0.001113723766467028
0.17868613138686132,0.004671532846715329,1918.0,0.0002453792556742323,degree (adaptive),0.0009367193194981649
0.1886131386861314,0.003211678832116788,1962.0,0.00023334700897492954,degree (adaptive),0.0008907870017509458
0.19854014598540146,0.00291970802919708,2006.0,0.0001931788681204569,degree (adaptive),0.000737447741415667
0.20846715328467152,0.0023357664233576644,2048.0,0.00015668808411214952,degree (adaptive),0.000598146551222165
0.2183941605839416,0.0023357664233576644,2076.0,0.00014164719626168223,degree (adaptive),0.0005407289419249767
0.2283211678832117,0.0023357664233576644,2100.0,0.0001265576323987539,degree (adaptive),0.0004831255151219724
0.23824817518248176,0.0023357664233576644,2120.0,0.00011000778816199376,degree (adaptive),0.0004199475631444837
0.24817518248175183,0.0023357664233576644,2141.0,8.518302180685358e-05,degree (adaptive),0.0003251806351782506
0.2581021897810219,0.0017518248175182481,2157.0,7.17159916926272e-05,degree (adaptive),0.0002737711252357843
0.268029197080292,0.0017518248175182481,2181.0,5.841121495327103e-05,degree (adaptive),0.00022298100697937186
0.27795620437956203,0.0005839416058394161,2196.0,5.354361370716511e-05,degree (adaptive),0.00020439925639775754
0.28788321167883213,0.0005839416058394161,2184.0,4.672897196261682e-05,degree (adaptive),0.00017838480558349747
0.29781021897810217,0.0005839416058394161,2174.0,4.1861370716510906e-05,degree (adaptive),0.00015980305500188318
0.30773722627737227,0.0005839416058394161,2164.0,3.6993769470404985e-05,degree (adaptive),0.00014122130442026885
0.31766423357664236,0.0005839416058394161,2154.0,3.309968847352025e-05,degree (adaptive),0.0001263559039549774
0.3275912408759124,0.0005839416058394161,2140.0,3.115264797507788e-05,degree (adaptive),0.00011892320372233166
0.3375182481751825,0.0005839416058394161,2130.0,2.4338006230529594e-05,degree (adaptive),9.290875290807161e-05
0.34744525547445254,0.0005839416058394161,2117.0,1.9470404984423677e-05,degree (adaptive),7.432700232645729e-05
0.35737226277372264,0.0005839416058394161,2107.0,1.557632398753894e-05,degree (adaptive),5.946160186116583e-05
0.3672992700729927,0.0005839416058394161,2093.0,1.3629283489096573e-05,degree (adaptive),5.20289016285201e-05
0.3772262773722628,0.0005839416058394161,2080.0,7.78816199376947e-06,degree (adaptive),2.9730800930582915e-05
0.38715328467153287,0.0005839416058394161,2064.0,4.867601246105919e-06,degree (adaptive),1.858175058161432e-05
0.3970802919708029,0.0005839416058394161,2047.0,3.894080996884735e-06,degree (adaptive),1.4865400465291458e-05
0.407007299270073,0.0005839416058394161,2030.0,0.0,degree (adaptive),0.0
0.41693430656934305,0.00029197080291970805,1997.0,0.0,degree (adaptive),0.0
0.42686131386861315,0.00029197080291970805,1963.0,0.0,degree (adaptive),0.0
0.4367883211678832,0.00029197080291970805,1929.0,0.0,degree (adaptive),0.0
0.4467153284671533,0.00029197080291970805,1895.0,0.0,degree (adaptive),0.0
0.4566423357664234,0.00029197080291970805,1861.0,0.0,degree (adaptive),0.0
0.4665693430656934,0.00029197080291970805,1827.0,0.0,degree (adaptive),0.0
0.4764963503649635,0.00029197080291970805,1793.0,0.0,degree (adaptive),0.0
0.48642335766423356,0.00029197080291970805,1759.0,0.0,degree (adaptive),0.0
0.49635036496350365,0.00029197080291970805,1725.0,0.0,degree (adaptive),0.0
0.5062773722627737,0.00029197080291970805,1691.0,0.0,degree (adaptive),0.0
0.5162043795620438,0.00029197080291970805,1657.0,0.0,degree (adaptive),0.0
0.5261313868613139,0.00029197080291970805,1623.0,0.0,degree (adaptive),0.0
0.536058394160584,0.00029197080291970805,1589.0,0.0,degree (adaptive),0.0
0.545985401459854,0.00029197080291970805,1555.0,0.0,degree (adaptive),0.0
0.5559124087591241,0.00029197080291970805,1521.0,0.0,degree (adaptive),0.0
0.5658394160583942,0.00029197080291970805,1487.0,0.0,degree (adaptive),0.0
0.5757664233576643,0.00029197080291970805,1453.0,0.0,degree (adaptive),0.0
0.5856934306569344,0.00029197080291970805,1419.0,0.0,degree (adaptive),0.0
0.5956204379562043,0.00029197080291970805,1385.0,0.0,degree (adaptive),0.0
0.6055474452554744,0.00029197080291970805,1351.0,0.0,degree (adaptive),0.0
0.6154744525547445,0.00029197080291970805,1317.0,0.0,degree (adaptive),0.0
0.6254014598540146,0.00029197080291970805,1283.0,0.0,degree (adaptive),0.0
0.6353284671532847,0.00029197080291970805,1249.0,0.0,degree (adaptive),0.0
0.6452554744525547,0.00029197080291970805,1215.0,0.0,degree (adaptive),0.0
0.6551824817518248,0.00029197080291970805,1181.0,0.0,degree (adaptive),0.0
0.6651094890510949,0.00029197080291970805,1147.0,0.0,degree (adaptive),0.0
0.675036496350365,0.00029197080291970805,1113.0,0.0,degree (adaptive),0.0
0.684963503649635,0.00029197080291970805,1079.0,0.0,degree (adaptive),0.0
0.6948905109489051,0.00029197080291970805,1045.0,0.0,degree (adaptive),0.0
0.7048175182481752,0.00029197080291970805,1011.0,0.0,degree (adaptive),0.0
0.7147445255474453,0.00029197080291970805,977.0,0.0,degree (adaptive),0.0
0.7246715328467154,0.00029197080291970805,943.0,0.0,degree (adaptive),0.0
0.7345985401459854,0.00029197080291970805,909.0,0.0,degree (adaptive),0.0
0.7445255474452555,0.00029197080291970805,875.0,0.0,degree (adaptive),0.0
0.7544525547445255,0.00029197080291970805,841.0,0.0,degree (adaptive),0.0
0.7643795620437956,0.00029197080291970805,807.0,0.0,degree (adaptive),0.0
0.7743065693430657,0.00029197080291970805,773.0,0.0,degree (adaptive),0.0
0.7842335766423357,0.00029197080291970805,739.0,0.0,degree (adaptive),0.0
0.7941605839416058,0.00029197080291970805,705.0,0.0,degree (adaptive),0.0
0.8040875912408759,0.00029197080291970805,671.0,0.0,degree (adaptive),0.0
0.814014598540146,0.00029197080291970805,637.0,0.0,degree (adaptive),0.0
0.8239416058394161,0.00029197080291970805,603.0,0.0,degree (adaptive),0.0
0.8338686131386861,0.00029197080291970805,569.0,0.0,degree (adaptive),0.0
0.8437956204379562,0.00029197080291970805,535.0,0.0,degree (adaptive),0.0
0.8537226277372263,0.00029197080291970805,501.0,0.0,degree (adaptive),0.0
0.8636496350364964,0.00029197080291970805,467.0,0.0,degree (adaptive),0.0
0.8735766423357664,0.00029197080291970805,433.0,0.0,degree (adaptive),0.0
0.8835036496350365,0.00029197080291970805,399.0,0.0,degree (adaptive),0.0
0.8934306569343066,0.00029197080291970805,365.0,0.0,degree (adaptive),0.0
0.9033576642335767,0.00029197080291970805,331.0,0.0,degree (adaptive),0.0
0.9132846715328468,0.00029197080291970805,297.0,0.0,degree (adaptive),0.0
0.9232116788321167,0.00029197080291970805,263.0,0.0,degree (adaptive),0.0
0.9331386861313868,0.00029197080291970805,229.0,0.0,degree (adaptive),0.0
0.9430656934306569,0.00029197080291970805,195.0,0.0,degree (adaptive),0.0
0.952992700729927,0.00029197080291970805,161.0,0.0,degree (adaptive),0.0
0.9629197080291971,0.00029197080291970805,127.0,0.0,degree (adaptive),0.0
0.9728467153284671,0.00029197080291970805,93.0,0.0,degree (adaptive),0.0
0.9827737226277372,0.00029197080291970805,59.0,0.0,degree (adaptive),0.0
0.9927007299270073,0.00029197080291970805,25.0,0.0,degree (adaptive),0.0
1.0,0.0,0.0,0.0,degree (adaptive),0.0
