measure,rank,iata,name,country,value
deg_und,1,AMS,Amsterdam Airport Schiphol,Netherlands,248.0
deg_und,2,FRA,Frankfurt am Main Airport,Germany,244.0
deg_und,3,CDG,Charles de Gaulle International Airport,France,240.0
deg_und,4,IST,Istanbul Airport,Turkey,236.0
deg_und,5,ATL,Hartsfield Jackson Atlanta International Airport,United States,217.0
deg_und,6,PEK,Beijing Capital International Airport,China,207.0
deg_und,7,ORD,Chicago O'Hare International Airport,United States,206.0
deg_und,8,MUC,Munich Airport,Germany,192.0
deg_und,9,DME,Domodedovo International Airport,Russia,190.0
deg_und,10,DXB,Dubai International Airport,United Arab Emirates,188.0
betweenness_dir,1,ANC,Ted Stevens Anchorage International Airport,United States,0.07020362618341769
betweenness_dir,2,LAX,Los Angeles International Airport,United States,0.06616375813998217
betweenness_dir,3,CDG,Charles de Gaulle International Airport,France,0.06170332586928531
betweenness_dir,4,DXB,Dubai International Airport,United Arab Emirates,0.05935046022271049
betweenness_dir,5,FRA,Frankfurt am Main Airport,Germany,0.050999877320783545
betweenness_dir,6,PEK,Beijing Capital International Airport,China,0.04916747207746971
betweenness_dir,7,ORD,Chicago O'Hare International Airport,United States,0.04743028669183882
betweenness_dir,8,SEA,Seattle Tacoma International Airport,United States,0.0452684098286433
betweenness_dir,9,AMS,Amsterdam Airport Schiphol,Netherlands,0.04265777892785808
betweenness_dir,10,YYZ,Lester B. Pearson International Airport,Canada,0.04252693075213729
closeness_und_LCC,1,FRA,Frankfurt am Main Airport,Germany,0.40184593539226127
closeness_und_LCC,2,CDG,Charles de Gaulle International Airport,France,0.3993884511348936
closeness_und_LCC,3,LHR,London Heathrow Airport,United Kingdom,0.39733239733239734
closeness_und_LCC,4,AMS,Amsterdam Airport Schiphol,Netherlands,0.39305555555555555
closeness_und_LCC,5,DXB,Dubai International Airport,United Arab Emirates,0.3926919518963922
closeness_und_LCC,6,LAX,Los Angeles International Airport,United States,0.38882528051293797
closeness_und_LCC,7,JFK,John F Kennedy International Airport,United States,0.38674410659378206
closeness_und_LCC,8,YYZ,Lester B. Pearson International Airport,Canada,0.38226024313372353
closeness_und_LCC,9,IST,Istanbul Airport,Turkey,0.3802060008956561
closeness_und_LCC,10,ORD,Chicago O'Hare International Airport,United States,0.3796109993293092
eigenvector_und,1,AMS,Amsterdam Airport Schiphol,Netherlands,0.16786030600040164
eigenvector_und,2,FRA,Frankfurt am Main Airport,Germany,0.16639497080160792
eigenvector_und,3,CDG,Charles de Gaulle International Airport,France,0.15945347914406746
eigenvector_und,4,MUC,Munich Airport,Germany,0.14852913540634177
eigenvector_und,5,FCO,Leonardo da Vinci–Fiumicino Airport,Italy,0.1363419027863489
eigenvector_und,6,LHR,London Heathrow Airport,United Kingdom,0.13613153992858373
eigenvector_und,7,IST,Istanbul Airport,Turkey,0.1293430098667928
eigenvector_und,8,BCN,Barcelona International Airport,Spain,0.1281338599302456
eigenvector_und,9,ZRH,Zürich Airport,Switzerland,0.12600344624713775
eigenvector_und,10,MAD,Adolfo Suárez Madrid–Barajas Airport,Spain,0.1229640974039041
