k,community,node
3,0,AAE
3,0,AAL
3,0,AAQ
3,0,AAR
3,0,ABA
3,0,ABB
3,0,ABD
3,0,ABE
3,0,ABJ
3,0,ABQ
3,0,ABT
3,0,ABV
3,0,ABX
3,0,ABZ
3,0,ACA
3,0,ACC
3,0,ACE
3,0,ACI
3,0,ACV
3,0,ACX
3,0,ACY
3,0,ADA
3,0,ADB
3,0,ADD
3,0,ADE
3,0,ADF
3,0,ADL
3,0,ADU
3,0,ADZ
3,0,AEB
3,0,AEP
3,0,AER
3,0,AES
3,0,AEX
3,0,AGA
3,0,AGF
3,0,AGP
3,0,AGR
3,0,AGS
3,0,AGT
3,0,AGU
3,0,AHB
3,0,AHO
3,0,AJA
3,0,AJF
3,0,AJI
3,0,AJL
3,0,AJU
3,0,AKF
3,0,AKJ
3,0,AKL
3,0,AKU
3,0,AKX
3,0,ALA
3,0,ALB
3,0,ALC
3,0,ALF
3,0,ALG
3,0,AMA
3,0,AMD
3,0,AMM
3,0,AMQ
3,0,AMS
3,0,ANC
3,0,ANF
3,0,ANM
3,0,ANU
3,0,ANX
3,0,AOG
3,0,AOI
3,0,AOJ
3,0,AOK
3,0,APL
3,0,APN
3,0,APO
3,0,APW
3,0,AQG
3,0,AQI
3,0,AQJ
3,0,AQP
3,0,ARH
3,0,ARI
3,0,ARK
3,0,ARN
3,0,ART
3,0,ASB
3,0,ASE
3,0,ASF
3,0,ASJ
3,0,ASM
3,0,ASP
3,0,ASR
3,0,ASU
3,0,ASW
3,0,ATH
3,0,ATL
3,0,ATM
3,0,ATQ
3,0,ATW
3,0,ATZ
3,0,AUA
3,0,AUH
3,0,AUS
3,0,AUX
3,0,AVA
3,0,AVL
3,0,AVP
3,0,AWZ
3,0,AXA
3,0,AXM
3,0,AXT
3,0,AYQ
3,0,AYT
3,0,AZA
3,0,AZD
3,0,AZN
3,0,AZO
3,0,AZR
3,0,AZS
3,0,BAH
3,0,BAL
3,0,BAQ
3,0,BAV
3,0,BBI
3,0,BBK
3,0,BBO
3,0,BCD
3,0,BCN
3,0,BDA
3,0,BDH
3,0,BDJ
3,0,BDL
3,0,BDO
3,0,BDQ
3,0,BDS
3,0,BEG
3,0,BEL
3,0,BEN
3,0,BES
3,0,BEW
3,0,BEY
3,0,BFJ
3,0,BFL
3,0,BFN
3,0,BFS
3,0,BGA
3,0,BGF
3,0,BGG
3,0,BGI
3,0,BGM
3,0,BGO
3,0,BGR
3,0,BGW
3,0,BGY
3,0,BHD
3,0,BHE
3,0,BHH
3,0,BHI
3,0,BHK
3,0,BHM
3,0,BHO
3,0,BHQ
3,0,BHV
3,0,BHX
3,0,BHY
3,0,BIA
3,0,BIK
3,0,BIL
3,0,BIO
3,0,BIQ
3,0,BIS
3,0,BJA
3,0,BJF
3,0,BJL
3,0,BJM
3,0,BJV
3,0,BJX
3,0,BJZ
3,0,BKG
3,0,BKI
3,0,BKK
3,0,BKO
3,0,BKS
3,0,BLA
3,0,BLI
3,0,BLJ
3,0,BLK
3,0,BLL
3,0,BLQ
3,0,BLR
3,0,BLZ
3,0,BMA
3,0,BME
3,0,BMI
3,0,BMU
3,0,BMV
3,0,BNA
3,0,BND
3,0,BNE
3,0,BNI
3,0,BNK
3,0,BNN
3,0,BNX
3,0,BOD
3,0,BOG
3,0,BOH
3,0,BOI
3,0,BOJ
3,0,BOM
3,0,BON
3,0,BOO
3,0,BOS
3,0,BOY
3,0,BPN
3,0,BPS
3,0,BPX
3,0,BQN
3,0,BQS
3,0,BRA
3,0,BRC
3,0,BRE
3,0,BRI
3,0,BRL
3,0,BRM
3,0,BRN
3,0,BRO
3,0,BRS
3,0,BRU
3,0,BRW
3,0,BSB
3,0,BSG
3,0,BSK
3,0,BSL
3,0,BSR
3,0,BTH
3,0,BTJ
3,0,BTK
3,0,BTR
3,0,BTS
3,0,BTU
3,0,BTV
3,0,BUA
3,0,BUD
3,0,BUF
3,0,BUQ
3,0,BUR
3,0,BUS
3,0,BUZ
3,0,BVA
3,0,BVC
3,0,BVE
3,0,BVG
3,0,BWI
3,0,BWN
3,0,BWT
3,0,BXU
3,0,BZE
3,0,BZG
3,0,BZN
3,0,BZR
3,0,BZV
3,0,CAC
3,0,CAE
3,0,CAG
3,0,CAI
3,0,CAK
3,0,CAN
3,0,CAP
3,0,CAW
3,0,CAY
3,0,CBB
3,0,CBQ
3,0,CBR
3,0,CBT
3,0,CCC
3,0,CCF
3,0,CCJ
3,0,CCM
3,0,CCS
3,0,CCU
3,0,CCV
3,0,CDG
3,0,CEB
3,0,CEC
3,0,CEE
3,0,CEG
3,0,CEI
3,0,CEK
3,0,CEN
3,0,CFB
3,0,CFE
3,0,CFN
3,0,CFR
3,0,CFS
3,0,CFU
3,0,CGB
3,0,CGD
3,0,CGH
3,0,CGK
3,0,CGN
3,0,CGO
3,0,CGP
3,0,CGQ
3,0,CGR
3,0,CGY
3,0,CHA
3,0,CHC
3,0,CHG
3,0,CHO
3,0,CHQ
3,0,CHS
3,0,CIA
3,0,CID
3,0,CIF
3,0,CIH
3,0,CIJ
3,0,CIT
3,0,CIY
3,0,CJB
3,0,CJC
3,0,CJJ
3,0,CJL
3,0,CJS
3,0,CJU
3,0,CKG
3,0,CKS
3,0,CKY
3,0,CLE
3,0,CLJ
3,0,CLL
3,0,CLO
3,0,CLQ
3,0,CLT
3,0,CLY
3,0,CMB
3,0,CME
3,0,CMH
3,0,CMI
3,0,CMN
3,0,CMW
3,0,CNF
3,0,CNJ
3,0,CNS
3,0,CNX
3,0,COD
3,0,COK
3,0,COO
3,0,COR
3,0,COS
3,0,COU
3,0,CPH
3,0,CPO
3,0,CPR
3,0,CPT
3,0,CPV
3,0,CRD
3,0,CRK
3,0,CRL
3,0,CRP
3,0,CRW
3,0,CSX
3,0,CSY
3,0,CTA
3,0,CTG
3,0,CTL
3,0,CTS
3,0,CTU
3,0,CUC
3,0,CUE
3,0,CUF
3,0,CUL
3,0,CUN
3,0,CUR
3,0,CUU
3,0,CUZ
3,0,CVG
3,0,CVU
3,0,CWA
3,0,CWB
3,0,CWL
3,0,CXI
3,0,CXJ
3,0,CXR
3,0,CYB
3,0,CYO
3,0,CZL
3,0,CZM
3,0,CZX
3,0,DAB
3,0,DAC
3,0,DAD
3,0,DAL
3,0,DAR
3,0,DAT
3,0,DAU
3,0,DAX
3,0,DAY
3,0,DBA
3,0,DBO
3,0,DBV
3,0,DCA
3,0,DCM
3,0,DDG
3,0,DEA
3,0,DEC
3,0,DED
3,0,DEL
3,0,DEN
3,0,DFW
3,0,DGO
3,0,DGT
3,0,DIB
3,0,DIE
3,0,DIG
3,0,DIK
3,0,DIL
3,0,DIR
3,0,DIY
3,0,DJB
3,0,DJE
3,0,DJG
3,0,DJJ
3,0,DKR
3,0,DLA
3,0,DLC
3,0,DLE
3,0,DLH
3,0,DLI
3,0,DLM
3,0,DLU
3,0,DMB
3,0,DME
3,0,DMK
3,0,DMM
3,0,DMU
3,0,DNH
3,0,DNK
3,0,DNR
3,0,DOH
3,0,DOK
3,0,DOM
3,0,DOU
3,0,DOY
3,0,DPL
3,0,DPS
3,0,DQA
3,0,DRO
3,0,DRS
3,0,DRW
3,0,DSA
3,0,DSM
3,0,DSN
3,0,DTM
3,0,DTW
3,0,DUB
3,0,DUD
3,0,DUR
3,0,DUS
3,0,DVO
3,0,DWC
3,0,DWD
3,0,DXB
3,0,DYG
3,0,DYR
3,0,DYU
3,0,DZA
3,0,DZN
3,0,EAM
3,0,EAS
3,0,EBA
3,0,EBB
3,0,EBL
3,0,ECN
3,0,ECP
3,0,EDI
3,0,EFL
3,0,EGO
3,0,EIN
3,0,EIS
3,0,ELH
3,0,ELM
3,0,ELP
3,0,ELQ
3,0,ELS
3,0,EMA
3,0,ENU
3,0,ENY
3,0,EOH
3,0,EQS
3,0,ERC
3,0,ERF
3,0,ERI
3,0,ERL
3,0,ERM
3,0,ERZ
3,0,ESB
3,0,ESM
3,0,ESU
3,0,ETZ
3,0,EUG
3,0,EUN
3,0,EVE
3,0,EVN
3,0,EVV
3,0,EWN
3,0,EWR
3,0,EXT
3,0,EYK
3,0,EYW
3,0,EZE
3,0,EZS
3,0,FAE
3,0,FAI
3,0,FAO
3,0,FAR
3,0,FAT
3,0,FAY
3,0,FBM
3,0,FCA
3,0,FCO
3,0,FDE
3,0,FDF
3,0,FDH
3,0,FEG
3,0,FEN
3,0,FEZ
3,0,FIH
3,0,FKB
3,0,FKQ
3,0,FKS
3,0,FLL
3,0,FLN
3,0,FLR
3,0,FLW
3,0,FMM
3,0,FMO
3,0,FNA
3,0,FNC
3,0,FNI
3,0,FNJ
3,0,FNT
3,0,FOC
3,0,FOR
3,0,FPO
3,0,FRA
3,0,FRO
3,0,FRU
3,0,FRW
3,0,FSC
3,0,FSD
3,0,FSM
3,0,FSP
3,0,FSZ
3,0,FTE
3,0,FUE
3,0,FUG
3,0,FUK
3,0,FWA
3,0,GAE
3,0,GAF
3,0,GAJ
3,0,GAN
3,0,GAU
3,0,GBE
3,0,GBT
3,0,GCC
3,0,GCI
3,0,GCM
3,0,GDL
3,0,GDN
3,0,GDX
3,0,GEG
3,0,GEO
3,0,GES
3,0,GEV
3,0,GFK
3,0,GGT
3,0,GHA
3,0,GHB
3,0,GIB
3,0,GIG
3,0,GIS
3,0,GIZ
3,0,GJT
3,0,GKA
3,0,GLA
3,0,GLK
3,0,GLN
3,0,GLT
3,0,GMP
3,0,GND
3,0,GNV
3,0,GNY
3,0,GOA
3,0,GOI
3,0,GOJ
3,0,GOQ
3,0,GOT
3,0,GOU
3,0,GOV
3,0,GPA
3,0,GPT
3,0,GRB
3,0,GRI
3,0,GRJ
3,0,GRK
3,0,GRO
3,0,GRQ
3,0,GRR
3,0,GRU
3,0,GRX
3,0,GRZ
3,0,GSE
3,0,GSM
3,0,GSO
3,0,GSP
3,0,GTE
3,0,GTF
3,0,GTO
3,0,GUA
3,0,GUM
3,0,GUR
3,0,GUW
3,0,GVA
3,0,GWD
3,0,GWT
3,0,GXF
3,0,GXH
3,0,GYD
3,0,GYE
3,0,GYN
3,0,GYS
3,0,GZP
3,0,GZT
3,0,HAA
3,0,HAD
3,0,HAH
3,0,HAJ
3,0,HAK
3,0,HAM
3,0,HAN
3,0,HAS
3,0,HAU
3,0,HAV
3,0,HBA
3,0,HBE
3,0,HBX
3,0,HDF
3,0,HDG
3,0,HDS
3,0,HDY
3,0,HEA
3,0,HEH
3,0,HEK
3,0,HEL
3,0,HER
3,0,HET
3,0,HFE
3,0,HFT
3,0,HGA
3,0,HGH
3,0,HGU
3,0,HHH
3,0,HHN
3,0,HIA
3,0,HIJ
3,0,HIN
3,0,HIR
3,0,HJJ
3,0,HJR
3,0,HKD
3,0,HKG
3,0,HKN
3,0,HKT
3,0,HLA
3,0,HLD
3,0,HLH
3,0,HLN
3,0,HLZ
3,0,HMA
3,0,HMB
3,0,HME
3,0,HMI
3,0,HMO
3,0,HNA
3,0,HND
3,0,HNL
3,0,HOD
3,0,HOF
3,0,HOG
3,0,HOR
3,0,HOU
3,0,HOV
3,0,HPH
3,0,HPN
3,0,HRB
3,0,HRE
3,0,HRG
3,0,HRI
3,0,HRK
3,0,HRL
3,0,HRM
3,0,HRO
3,0,HSG
3,0,HSN
3,0,HSV
3,0,HTA
3,0,HTI
3,0,HTS
3,0,HTY
3,0,HUI
3,0,HUN
3,0,HUX
3,0,HUY
3,0,HVB
3,0,HVG
3,0,HYD
3,0,HYN
3,0,HZH
3,0,IAD
3,0,IAG
3,0,IAH
3,0,IAS
3,0,IBE
3,0,IBR
3,0,IBZ
3,0,ICN
3,0,ICT
3,0,IDA
3,0,IDR
3,0,IEV
3,0,IFN
3,0,IGD
3,0,IGR
3,0,IGU
3,0,IJK
3,0,IKA
3,0,IKT
3,0,ILG
3,0,ILM
3,0,ILO
3,0,IMF
3,0,IMP
3,0,INC
3,0,IND
3,0,INH
3,0,INN
3,0,INV
3,0,INZ
3,0,IOM
3,0,IOS
3,0,IPN
3,0,IQN
3,0,IQQ
3,0,IQT
3,0,ISA
3,0,ISB
3,0,ISC
3,0,ISG
3,0,ISN
3,0,ISP
3,0,IST
3,0,ISU
3,0,ITH
3,0,ITM
3,0,ITO
3,0,IVC
3,0,IXA
3,0,IXB
3,0,IXC
3,0,IXD
3,0,IXE
3,0,IXJ
3,0,IXL
3,0,IXM
3,0,IXR
3,0,IXS
3,0,IXU
3,0,IXZ
3,0,IZA
3,0,JAC
3,0,JAI
3,0,JAN
3,0,JAX
3,0,JDH
3,0,JDO
3,0,JDZ
3,0,JED
3,0,JER
3,0,JFK
3,0,JGD
3,0,JGN
3,0,JGS
3,0,JHB
3,0,JHG
3,0,JHM
3,0,JIB
3,0,JIC
3,0,JIJ
3,0,JIK
3,0,JIQ
3,0,JIU
3,0,JJN
3,0,JKG
3,0,JKH
3,0,JKL
3,0,JLR
3,0,JMK
3,0,JMU
3,0,JNB
3,0,JNG
3,0,JNU
3,0,JNZ
3,0,JOG
3,0,JOI
3,0,JPA
3,0,JRO
3,0,JTR
3,0,JTY
3,0,JUB
3,0,JUH
3,0,JUJ
3,0,JUL
3,0,JUZ
3,0,JXA
3,0,JZH
3,0,KAA
3,0,KAN
3,0,KBL
3,0,KBP
3,0,KBR
3,0,KBV
3,0,KCH
3,0,KCM
3,0,KCZ
3,0,KDH
3,0,KDI
3,0,KDM
3,0,KDV
3,0,KEF
3,0,KER
3,0,KET
3,0,KGA
3,0,KGD
3,0,KGF
3,0,KGI
3,0,KGL
3,0,KGS
3,0,KHG
3,0,KHH
3,0,KHI
3,0,KHN
3,0,KHV
3,0,KIH
3,0,KIJ
3,0,KIM
3,0,KIN
3,0,KIR
3,0,KIT
3,0,KIV
3,0,KIX
3,0,KJA
3,0,KKN
3,0,KLO
3,0,KLU
3,0,KLV
3,0,KLX
3,0,KMG
3,0,KMI
3,0,KMJ
3,0,KMQ
3,0,KNG
3,0,KNS
3,0,KNX
3,0,KOA
3,0,KOE
3,0,KOI
3,0,KOJ
3,0,KOK
3,0,KOV
3,0,KOW
3,0,KPO
3,0,KQT
3,0,KRF
3,0,KRK
3,0,KRL
3,0,KRN
3,0,KRO
3,0,KRR
3,0,KRS
3,0,KRT
3,0,KSC
3,0,KSD
3,0,KSH
3,0,KSN
3,0,KSQ
3,0,KSU
3,0,KSY
3,0,KTA
3,0,KTM
3,0,KTN
3,0,KTW
3,0,KUA
3,0,KUD
3,0,KUF
3,0,KUH
3,0,KUL
3,0,KUN
3,0,KUT
3,0,KVA
3,0,KVD
3,0,KVG
3,0,KVX
3,0,KWE
3,0,KWI
3,0,KWJ
3,0,KWL
3,0,KYA
3,0,KZN
3,0,KZO
3,0,LAD
3,0,LAE
3,0,LAN
3,0,LAP
3,0,LAQ
3,0,LAS
3,0,LAX
3,0,LBA
3,0,LBB
3,0,LBC
3,0,LBD
3,0,LBE
3,0,LBS
3,0,LBU
3,0,LBV
3,0,LCA
3,0,LCE
3,0,LCG
3,0,LCH
3,0,LCY
3,0,LDB
3,0,LDE
3,0,LDH
3,0,LDS
3,0,LDY
3,0,LED
3,0,LEI
3,0,LEJ
3,0,LEX
3,0,LFM
3,0,LFT
3,0,LFW
3,0,LGA
3,0,LGB
3,0,LGG
3,0,LGK
3,0,LGP
3,0,LGW
3,0,LHE
3,0,LHR
3,0,LHW
3,0,LIG
3,0,LIH
3,0,LIL
3,0,LIM
3,0,LIN
3,0,LIR
3,0,LIS
3,0,LIT
3,0,LJG
3,0,LJU
3,0,LKL
3,0,LKN
3,0,LKO
3,0,LLA
3,0,LLF
3,0,LLK
3,0,LLW
3,0,LMM
3,0,LMP
3,0,LMT
3,0,LNB
3,0,LNE
3,0,LNK
3,0,LNV
3,0,LNY
3,0,LNZ
3,0,LOD
3,0,LOH
3,0,LOP
3,0,LOS
3,0,LPA
3,0,LPB
3,0,LPI
3,0,LPL
3,0,LPM
3,0,LPP
3,0,LPQ
3,0,LRD
3,0,LRH
3,0,LRM
3,0,LRR
3,0,LRS
3,0,LRT
3,0,LSC
3,0,LSE
3,0,LSI
3,0,LSP
3,0,LST
3,0,LTN
3,0,LUG
3,0,LUK
3,0,LUM
3,0,LUN
3,0,LUX
3,0,LUZ
3,0,LVI
3,0,LWB
3,0,LWO
3,0,LWS
3,0,LWY
3,0,LXA
3,0,LXR
3,0,LXS
3,0,LYA
3,0,LYB
3,0,LYG
3,0,LYI
3,0,LYR
3,0,LYS
3,0,LZH
3,0,LZO
3,0,LZY
3,0,MAA
3,0,MAB
3,0,MAD
3,0,MAF
3,0,MAG
3,0,MAH
3,0,MAN
3,0,MAO
3,0,MAR
3,0,MAS
3,0,MBA
3,0,MBJ
3,0,MBS
3,0,MCI
3,0,MCN
3,0,MCO
3,0,MCT
3,0,MCX
3,0,MCY
3,0,MCZ
3,0,MDC
3,0,MDE
3,0,MDG
3,0,MDL
3,0,MDQ
3,0,MDT
3,0,MDW
3,0,MDZ
3,0,MEA
3,0,MED
3,0,MEH
3,0,MEL
3,0,MEM
3,0,MEU
3,0,MEX
3,0,MFE
3,0,MFM
3,0,MFR
3,0,MGA
3,0,MGB
3,0,MGF
3,0,MGM
3,0,MGQ
3,0,MHD
3,0,MHH
3,0,MHK
3,0,MHQ
3,0,MHT
3,0,MIA
3,0,MID
3,0,MIG
3,0,MIM
3,0,MIR
3,0,MJD
3,0,MJF
3,0,MJM
3,0,MJN
3,0,MJT
3,0,MJV
3,0,MJZ
3,0,MKE
3,0,MKK
3,0,MKM
3,0,MKW
3,0,MKY
3,0,MLA
3,0,MLB
3,0,MLE
3,0,MLG
3,0,MLH
3,0,MLI
3,0,MLM
3,0,MLN
3,0,MLU
3,0,MLW
3,0,MLX
3,0,MMB
3,0,MME
3,0,MMJ
3,0,MMK
3,0,MMX
3,0,MMY
3,0,MNL
3,0,MNS
3,0,MOB
3,0,MOF
3,0,MOL
3,0,MOT
3,0,MOV
3,0,MPH
3,0,MPL
3,0,MPM
3,0,MQF
3,0,MQL
3,0,MQM
3,0,MQN
3,0,MQP
3,0,MQT
3,0,MRA
3,0,MRS
3,0,MRU
3,0,MRV
3,0,MRX
3,0,MRY
3,0,MSJ
3,0,MSN
3,0,MSO
3,0,MSP
3,0,MSQ
3,0,MSR
3,0,MST
3,0,MSY
3,0,MTR
3,0,MTY
3,0,MUB
3,0,MUC
3,0,MUN
3,0,MUX
3,0,MVD
3,0,MVR
3,0,MWX
3,0,MWZ
3,0,MXH
3,0,MXL
3,0,MXP
3,0,MXZ
3,0,MYA
3,0,MYJ
3,0,MYR
3,0,MYT
3,0,MYY
3,0,MZR
3,0,MZT
3,0,MZV
3,0,NAG
3,0,NAJ
3,0,NAN
3,0,NAO
3,0,NAP
3,0,NAS
3,0,NAT
3,0,NAY
3,0,NBC
3,0,NBE
3,0,NBO
3,0,NBS
3,0,NBX
3,0,NCE
3,0,NCL
3,0,NCU
3,0,NDB
3,0,NDG
3,0,NDJ
3,0,NDR
3,0,NER
3,0,NEV
3,0,NGB
3,0,NGE
3,0,NGO
3,0,NGS
3,0,NIM
3,0,NJC
3,0,NJF
3,0,NKC
3,0,NKG
3,0,NLA
3,0,NLK
3,0,NMA
3,0,NNG
3,0,NNT
3,0,NNY
3,0,NOC
3,0,NOJ
3,0,NOS
3,0,NOU
3,0,NOV
3,0,NPE
3,0,NPL
3,0,NQN
3,0,NQY
3,0,NRN
3,0,NRT
3,0,NSH
3,0,NSI
3,0,NSK
3,0,NSN
3,0,NTE
3,0,NTG
3,0,NTL
3,0,NUE
3,0,NUI
3,0,NUS
3,0,NUX
3,0,NVI
3,0,NVT
3,0,NWI
3,0,NYA
3,0,NYM
3,0,NYO
3,0,NYT
3,0,NYU
3,0,NZH
3,0,OAJ
3,0,OAK
3,0,OAX
3,0,ODS
3,0,OGG
3,0,OGX
3,0,OHE
3,0,OHH
3,0,OIA
3,0,OIT
3,0,OKA
3,0,OKC
3,0,OKJ
3,0,OLB
3,0,OMA
3,0,OMH
3,0,OMS
3,0,ONT
3,0,OOL
3,0,OPO
3,0,OPS
3,0,ORD
3,0,ORF
3,0,ORH
3,0,ORK
3,0,ORN
3,0,ORX
3,0,ORY
3,0,OSD
3,0,OSI
3,0,OSL
3,0,OSM
3,0,OSR
3,0,OSS
3,0,OSY
3,0,OTH
3,0,OTP
3,0,OUA
3,0,OUD
3,0,OUL
3,0,OUZ
3,0,OVB
3,0,OVD
3,0,OVS
3,0,OXB
3,0,OZC
3,0,OZH
3,0,OZZ
3,0,PAD
3,0,PAG
3,0,PAP
3,0,PAT
3,0,PAZ
3,0,PBC
3,0,PBG
3,0,PBH
3,0,PBI
3,0,PBJ
3,0,PBL
3,0,PBM
3,0,PBZ
3,0,PCL
3,0,PDG
3,0,PDL
3,0,PDP
3,0,PDV
3,0,PDX
3,0,PED
3,0,PEE
3,0,PEG
3,0,PEI
3,0,PEK
3,0,PEM
3,0,PEN
3,0,PER
3,0,PEU
3,0,PEW
3,0,PFB
3,0,PFO
3,0,PGA
3,0,PGF
3,0,PGK
3,0,PGU
3,0,PHB
3,0,PHC
3,0,PHE
3,0,PHF
3,0,PHL
3,0,PHS
3,0,PHX
3,0,PIA
3,0,PIK
3,0,PIS
3,0,PIT
3,0,PIX
3,0,PKC
3,0,PKN
3,0,PKU
3,0,PKY
3,0,PKZ
3,0,PLM
3,0,PLQ
3,0,PLS
3,0,PLU
3,0,PLW
3,0,PLX
3,0,PLZ
3,0,PMF
3,0,PMI
3,0,PMO
3,0,PMR
3,0,PMV
3,0,PMW
3,0,PNH
3,0,PNK
3,0,PNL
3,0,PNP
3,0,PNQ
3,0,PNR
3,0,PNS
3,0,PNZ
3,0,POA
3,0,POL
3,0,POM
3,0,POP
3,0,POR
3,0,POS
3,0,POZ
3,0,PPK
3,0,PPP
3,0,PPQ
3,0,PPS
3,0,PPT
3,0,PQC
3,0,PQQ
3,0,PRG
3,0,PRN
3,0,PSA
3,0,PSC
3,0,PSE
3,0,PSO
3,0,PSP
3,0,PSR
3,0,PTP
3,0,PTY
3,0,PUF
3,0,PUJ
3,0,PUS
3,0,PUU
3,0,PUW
3,0,PUY
3,0,PVD
3,0,PVG
3,0,PVH
3,0,PVK
3,0,PVR
3,0,PVU
3,0,PWM
3,0,PWQ
3,0,PXU
3,0,PYJ
3,0,PZI
3,0,PZO
3,0,PZU
3,0,QOW
3,0,QRO
3,0,QRW
3,0,QSF
3,0,RAB
3,0,RAE
3,0,RAI
3,0,RAK
3,0,RAO
3,0,RAP
3,0,RAR
3,0,RAS
3,0,RBA
3,0,RBQ
3,0,RBR
3,0,RDM
3,0,RDN
3,0,RDU
3,0,RDZ
3,0,REC
3,0,REG
3,0,REL
3,0,REN
3,0,REP
3,0,RET
3,0,REU
3,0,REX
3,0,RFD
3,0,RGA
3,0,RGL
3,0,RGN
3,0,RHO
3,0,RIC
3,0,RIX
3,0,RIY
3,0,RJK
3,0,RKS
3,0,RLG
3,0,RLK
3,0,RMA
3,0,RMF
3,0,RMI
3,0,RMQ
3,0,RNO
3,0,RNS
3,0,ROA
3,0,ROB
3,0,ROC
3,0,ROK
3,0,ROP
3,0,ROR
3,0,ROS
3,0,ROT
3,0,ROV
3,0,RPR
3,0,RST
3,0,RSU
3,0,RSW
3,0,RTB
3,0,RTM
3,0,RTW
3,0,RUH
3,0,RUN
3,0,RVK
3,0,RYG
3,0,RYK
3,0,RZE
3,0,RZR
3,0,SAB
3,0,SAF
3,0,SAH
3,0,SAL
3,0,SAN
3,0,SAP
3,0,SAT
3,0,SAV
3,0,SAW
3,0,SBA
3,0,SBH
3,0,SBN
3,0,SBP
3,0,SBW
3,0,SBY
3,0,SBZ
3,0,SCC
3,0,SCE
3,0,SCL
3,0,SCN
3,0,SCO
3,0,SCQ
3,0,SCU
3,0,SCW
3,0,SDD
3,0,SDF
3,0,SDJ
3,0,SDK
3,0,SDL
3,0,SDN
3,0,SDQ
3,0,SDR
3,0,SDU
3,0,SEA
3,0,SEN
3,0,SEZ
3,0,SFA
3,0,SFB
3,0,SFG
3,0,SFO
3,0,SFT
3,0,SGC
3,0,SGF
3,0,SGN
3,0,SGU
3,0,SHA
3,0,SHB
3,0,SHE
3,0,SHJ
3,0,SHP
3,0,SHV
3,0,SHW
3,0,SID
3,0,SIN
3,0,SIP
3,0,SIT
3,0,SJC
3,0,SJD
3,0,SJJ
3,0,SJO
3,0,SJP
3,0,SJU
3,0,SJW
3,0,SJZ
3,0,SKB
3,0,SKD
3,0,SKG
3,0,SKN
3,0,SKP
3,0,SKT
3,0,SKU
3,0,SKX
3,0,SKZ
3,0,SLA
3,0,SLC
3,0,SLI
3,0,SLL
3,0,SLP
3,0,SLU
3,0,SLW
3,0,SLY
3,0,SLZ
3,0,SMA
3,0,SMF
3,0,SMI
3,0,SMR
3,0,SMS
3,0,SMX
3,0,SNA
3,0,SNE
3,0,SNN
3,0,SNU
3,0,SOC
3,0,SOF
3,0,SOG
3,0,SOJ
3,0,SON
3,0,SOQ
3,0,SOU
3,0,SPC
3,0,SPI
3,0,SPN
3,0,SPP
3,0,SPU
3,0,SRE
3,0,SRG
3,0,SRP
3,0,SRQ
3,0,SRX
3,0,SRY
3,0,SRZ
3,0,SSA
3,0,SSG
3,0,SSH
3,0,SSJ
3,0,STD
3,0,STI
3,0,STL
3,0,STM
3,0,STN
3,0,STR
3,0,STS
3,0,STT
3,0,STV
3,0,STW
3,0,STX
3,0,SUB
3,0,SUF
3,0,SUG
3,0,SUV
3,0,SVB
3,0,SVD
3,0,SVG
3,0,SVJ
3,0,SVO
3,0,SVP
3,0,SVQ
3,0,SVU
3,0,SVX
3,0,SWA
3,0,SWF
3,0,SWJ
3,0,SXB
3,0,SXF
3,0,SXM
3,0,SXR
3,0,SYD
3,0,SYR
3,0,SYX
3,0,SYY
3,0,SYZ
3,0,SZB
3,0,SZG
3,0,SZX
3,0,SZZ
3,0,TAB
3,0,TAC
3,0,TAE
3,0,TAI
3,0,TAK
3,0,TAM
3,0,TAO
3,0,TAP
3,0,TAS
3,0,TBB
3,0,TBG
3,0,TBS
3,0,TBU
3,0,TBZ
3,0,TCQ
3,0,TCZ
3,0,TDD
3,0,TEN
3,0,TER
3,0,TET
3,0,TFI
3,0,TFN
3,0,TFS
3,0,TGD
3,0,TGG
3,0,TGM
3,0,TGO
3,0,TGU
3,0,TGZ
3,0,THE
3,0,THL
3,0,THR
3,0,TIA
3,0,TIF
3,0,TIJ
3,0,TIM
3,0,TIP
3,0,TIV
3,0,TIZ
3,0,TJA
3,0,TJM
3,0,TJQ
3,0,TJU
3,0,TKG
3,0,TKU
3,0,TLC
3,0,TLH
3,0,TLL
3,0,TLM
3,0,TLS
3,0,TLV
3,0,TMC
3,0,TMJ
3,0,TMM
3,0,TMP
3,0,TMR
3,0,TMS
3,0,TNA
3,0,TNG
3,0,TNO
3,0,TNR
3,0,TOB
3,0,TOE
3,0,TOF
3,0,TOS
3,0,TOY
3,0,TPA
3,0,TPE
3,0,TPP
3,0,TPQ
3,0,TPS
3,0,TRC
3,0,TRD
3,0,TRF
3,0,TRG
3,0,TRI
3,0,TRK
3,0,TRN
3,0,TRS
3,0,TRV
3,0,TRZ
3,0,TSA
3,0,TSE
3,0,TSF
3,0,TSH
3,0,TSN
3,0,TSR
3,0,TSV
3,0,TTA
3,0,TTE
3,0,TTN
3,0,TUF
3,0,TUK
3,0,TUL
3,0,TUN
3,0,TUO
3,0,TUR
3,0,TUS
3,0,TUU
3,0,TVC
3,0,TVS
3,0,TVU
3,0,TWB
3,0,TWU
3,0,TXL
3,0,TXN
3,0,TYN
3,0,TYR
3,0,TYS
3,0,TZX
3,0,UAQ
3,0,UBA
3,0,UBJ
3,0,UCT
3,0,UDI
3,0,UDR
3,0,UEL
3,0,UET
3,0,UFA
3,0,UGC
3,0,UIB
3,0,UIH
3,0,UIO
3,0,UKB
3,0,UKK
3,0,UKS
3,0,ULB
3,0,ULH
3,0,ULK
3,0,ULN
3,0,ULV
3,0,UME
3,0,UNG
3,0,UPG
3,0,URA
3,0,URC
3,0,URJ
3,0,URT
3,0,URY
3,0,USH
3,0,USM
3,0,USN
3,0,USU
3,0,UTH
3,0,UTN
3,0,UTP
3,0,UUA
3,0,UUD
3,0,UUS
3,0,UVF
3,0,UYN
3,0,VAA
3,0,VAI
3,0,VAN
3,0,VAR
3,0,VAS
3,0,VAW
3,0,VBY
3,0,VCA
3,0,VCE
3,0,VCL
3,0,VCP
3,0,VDC
3,0,VDE
3,0,VDH
3,0,VDM
3,0,VDS
3,0,VER
3,0,VFA
3,0,VGA
3,0,VGO
3,0,VIE
3,0,VIG
3,0,VII
3,0,VIJ
3,0,VIL
3,0,VIX
3,0,VKO
3,0,VLC
3,0,VLI
3,0,VLL
3,0,VLN
3,0,VNO
3,0,VNS
3,0,VNX
3,0,VOG
3,0,VOL
3,0,VOZ
3,0,VPE
3,0,VPS
3,0,VQS
3,0,VRA
3,0,VRN
3,0,VSA
3,0,VST
3,0,VTE
3,0,VTZ
3,0,VVI
3,0,VVO
3,0,VXC
3,0,VXE
3,0,VXO
3,0,WAE
3,0,WAW
3,0,WDH
3,0,WEF
3,0,WGA
3,0,WJR
3,0,WKJ
3,0,WLG
3,0,WLS
3,0,WMI
3,0,WMN
3,0,WNZ
3,0,WRE
3,0,WRO
3,0,WUA
3,0,WUH
3,0,WUS
3,0,WUX
3,0,WUZ
3,0,WVB
3,0,WWK
3,0,WXN
3,0,XAP
3,0,XBJ
3,0,XFN
3,0,XIC
3,0,XIL
3,0,XIY
3,0,XMN
3,0,XNA
3,0,XNN
3,0,XRY
3,0,XUZ
3,0,YAM
3,0,YAP
3,0,YAY
3,0,YBC
3,0,YBG
3,0,YBL
3,0,YBP
3,0,YBX
3,0,YCD
3,0,YCG
3,0,YCU
3,0,YDF
3,0,YEG
3,0,YFC
3,0,YGJ
3,0,YGP
3,0,YGR
3,0,YHM
3,0,YHU
3,0,YHY
3,0,YHZ
3,0,YIC
3,0,YIH
3,0,YIN
3,0,YIW
3,0,YJT
3,0,YKA
3,0,YKF
3,0,YKL
3,0,YKS
3,0,YLW
3,0,YMM
3,0,YNB
3,0,YNJ
3,0,YNT
3,0,YNZ
3,0,YOW
3,0,YQB
3,0,YQF
3,0,YQG
3,0,YQM
3,0,YQQ
3,0,YQR
3,0,YQT
3,0,YQU
3,0,YQX
3,0,YQY
3,0,YSB
3,0,YSJ
3,0,YSM
3,0,YTS
3,0,YTY
3,0,YTZ
3,0,YUL
3,0,YUM
3,0,YVB
3,0,YVR
3,0,YWG
3,0,YWK
3,0,YXC
3,0,YXE
3,0,YXJ
3,0,YXS
3,0,YXT
3,0,YXU
3,0,YXX
3,0,YXY
3,0,YYB
3,0,YYC
3,0,YYD
3,0,YYE
3,0,YYG
3,0,YYJ
3,0,YYR
3,0,YYT
3,0,YYU
3,0,YYY
3,0,YYZ
3,0,YZF
3,0,YZV
3,0,YZY
3,0,ZAD
3,0,ZAG
3,0,ZAH
3,0,ZAM
3,0,ZAT
3,0,ZAZ
3,0,ZBR
3,0,ZCL
3,0,ZHA
3,0,ZHY
3,0,ZIH
3,0,ZLO
3,0,ZNZ
3,0,ZQN
3,0,ZQW
3,0,ZRH
3,0,ZSA
3,0,ZTH
3,0,ZUH
3,0,ZVK
3,0,ZYI
3,0,ZYL
3,1,FTU
3,1,MOQ
3,1,TLE
3,1,TNR
3,2,AET
3,2,AKP
3,2,BTT
3,2,CXF
3,2,FAI
3,2,GAL
3,2,HSL
3,2,HUS
3,2,KAL
3,2,KYU
3,2,NUL
3,2,RBY
3,2,TAL
3,3,YGL
3,3,YGW
3,3,YPH
3,3,YPX
3,3,YSK
3,3,YUD
3,3,YUL
3,3,YUY
3,3,YVO
3,3,YVP
3,4,ABL
3,4,OBU
3,4,OTZ
3,4,SHG
3,5,JUV
3,5,KGQ
3,5,UPK
3,6,IUI
3,6,JUV
3,6,TQA
3,7,JUV
3,7,KHQ
3,7,NSQ
3,8,YBK
3,8,YCS
3,8,YEK
3,8,YFO
3,8,YGX
3,8,YQD
3,8,YRT
3,8,YTH
3,8,YUT
3,8,YWG
3,8,YXN
3,8,YYQ
3,8,YZS
3,9,YKQ
3,9,YKU
3,9,YVO
3,10,ADD
3,10,AXU
3,10,BJR
3,10,GDQ
3,10,LLI
3,11,BBN
3,11,LGL
3,11,LKH
3,11,MUR
3,11,MYY
3,11,ODN
3,12,LUD
3,12,OMD
3,12,WDH
3,13,BOG
3,13,MVP
3,13,PCR
3,13,PDA
3,13,VVC
3,14,ALS
3,14,DEN
3,14,FMN
3,15,ERS
3,15,MPA
3,15,NDU
3,16,KTS
3,16,OME
3,16,SHH
3,16,TLA
3,16,TNC
3,16,WAA
3,17,ELV
3,17,JNU
3,17,PEC
3,18,YEG
3,18,YOJ
3,18,YOP
3,19,AZI
3,19,DXB
3,19,XSB
3,20,AUQ
3,20,NHV
3,20,PPT
3,20,UAH
3,20,UAP
3,21,KEW
3,21,YAG
3,21,YHD
3,21,YHP
3,21,YNO
3,21,YPM
3,21,YQT
3,21,YRL
3,21,YVZ
3,21,YXL
3,21,ZSJ
3,22,ADD
3,22,AMH
3,22,JIM
3,23,AMQ
3,23,LUV
3,23,SXK
3,24,ANI
3,24,BET
3,24,KLG
3,24,MLL
3,24,PQS
3,24,RSH
3,25,KHH
3,25,KNH
3,25,MZG
3,25,RMQ
3,25,TSA
3,26,MSA
3,26,XBE
3,26,XKS
3,26,YAC
3,26,YAX
3,26,YER
3,26,YTL
3,26,YXL
3,26,ZPB
3,26,ZRJ
3,27,BCV
3,27,BZE
3,27,CUK
3,27,DGA
3,27,INB
3,27,PLJ
3,27,PND
3,27,SPR
3,27,SQS
3,27,SVK
3,27,TZA
3,28,ACK
3,28,BOS
3,28,EWB
3,28,HPN
3,28,HYA
3,28,MVY
3,29,YPL
3,29,YQT
3,29,YWP
3,30,BFQ
3,30,JQE
3,30,PAC
3,31,ALH
3,31,BQB
3,31,PER
3,32,HIR
3,32,IRA
3,32,NNB
3,32,RNA
3,33,QBC
3,33,YAA
3,33,YVR
3,34,BNC
3,34,BUX
3,34,GOM
3,35,AEP
3,35,AFA
3,35,LUQ
3,35,RSA
3,36,EOI
3,36,KOI
3,36,NDY
3,36,NRL
3,36,PPW
3,36,SOY
3,36,WRY
3,37,AGN
3,37,JNU
3,37,TKE
3,38,JTC
3,38,MII
3,38,VCP
3,39,DAC
3,39,RJH
3,39,SPD
3,40,TNW
3,40,UIO
3,40,XMS
3,41,MTV
3,41,SLH
3,41,TOH
3,41,ZGU
3,42,PPT
3,42,RMT
3,42,RUR
3,42,RVV
3,42,TUB
3,43,GDT
3,43,PLS
3,43,XSC
3,44,EPR
3,44,PER
3,44,RVT
3,45,CEM
3,45,FAI
3,45,IRC
3,46,AOO
3,46,IAD
3,46,JST
3,47,BKC
3,47,DRG
3,47,OTZ
3,48,IAN
3,48,ORV
3,48,OTZ
3,49,KVL
3,49,LUR
3,49,OTZ
3,49,PHO
3,49,WTK
3,50,ANC
3,50,ELI
3,50,GLV
3,50,KKA
3,50,OME
3,50,OTZ
3,50,SKK
3,50,SMK
3,50,UNK
3,50,WBB
3,50,WMO
3,51,HEL
3,51,JYV
3,51,KEM
3,52,BEL
3,52,CAY
3,52,PBM
3,53,AWD
3,53,FTA
3,53,TAH
3,54,CZH
3,54,ORZ
3,54,SPR
3,55,GFF
3,55,NRA
3,55,SYD
3,56,BBA
3,56,CCP
3,56,PMC
3,56,PUQ
3,56,SCL
3,56,ZAL
3,56,ZCO
3,56,ZOS
3,57,MPN
3,57,PUQ
3,57,RGL
3,58,GNM
3,58,LAZ
3,58,SSA
3,59,HNS
3,59,JNU
3,59,SGY
3,60,BFD
3,60,CLE
3,60,JHW
3,61,BFI
3,61,ESD
3,61,FRD
3,62,MPP
3,62,OGM
3,62,PAC
3,63,GHE
3,63,PAC
3,63,SAX
3,64,OTD
3,64,PAC
3,64,SIC
3,65,ACU
3,65,PAC
3,65,PYC
3,66,BOC
3,66,CHX
3,66,PAC
3,67,AKY
3,67,RGN
3,67,SNW
3,68,GEA
3,68,LIF
3,68,TGJ
3,68,UVE
3,69,ADD
3,69,MQX
3,69,SZE
3,70,ALG
3,70,MUW
3,70,TID
3,71,CHY
3,71,EGM
3,71,FRE
3,71,GZO
3,71,HIR
3,71,KGE
3,71,MUA
3,71,RBV
3,71,VAO
3,72,BEB
3,72,GLA
3,72,SYY
3,73,BMY
3,73,GEA
3,73,KOC
3,74,NOB
3,74,SJO
3,74,TMU
3,75,KSA
3,75,KWA
3,75,PNI
3,76,DDC
3,76,DEN
3,76,LBL
3,77,BNY
3,77,HIR
3,77,RNL
3,78,AHE
3,78,BOB
3,78,FAV
3,78,HUH
3,78,MAU
3,78,MOZ
3,78,MVT
3,78,PPT
3,78,RFP
3,78,RGI
3,78,TIH
3,78,TKX
3,78,XMH
3,79,CGA
3,79,HYL
3,79,KLW
3,79,KTB
3,79,KTN
3,80,CSK
3,80,DKR
3,80,ZIG
3,81,AIT
3,81,AIU
3,81,RAR
3,82,MCG
3,82,TCT
3,82,TLJ
3,83,GEL
3,83,POA
3,83,RIA
3,83,SRA
3,84,PET
3,84,POA
3,84,RIG
3,85,GOH
3,85,JAV
3,85,JEG
3,85,JFR
3,85,JHS
3,85,JSU
3,85,KUS
3,85,RKV
3,85,SFJ
3,85,UAK
3,86,BCI
3,86,BKQ
3,86,BNE
3,86,LRE
3,87,ELD
3,87,HOT
3,87,MEM
3,88,YKQ
3,88,YMT
3,88,YNS
3,89,IOT
3,89,JUU
3,89,UMD
3,90,CIK
3,90,FAI
3,90,FYU
3,90,KBC
3,91,FAI
3,91,MLY
3,91,MNT
3,92,FAI
3,92,SVS
3,92,WBQ
3,93,YHR
3,93,YIF
3,93,YNA
3,93,YZV
3,93,ZGS
3,93,ZKG
3,94,GKK
3,94,KDO
3,94,MLE
3,95,EDL
3,95,KIS
3,95,LOK
3,95,NBO
3,96,INU
3,96,MAJ
3,96,TRW
3,97,BET
3,97,EEK
3,97,KWN
3,98,BET
3,98,CYF
3,98,KKH
3,98,KPN
3,98,KWK
3,98,WTL
3,99,ATT
3,99,BET
3,99,KUK
3,99,NUP
3,100,BET
3,100,MYU
3,100,NME
3,100,OOK
3,100,TNK
3,101,BET
3,101,HPB
3,101,SCM
3,101,VAK
3,102,BET
3,102,GNU
3,102,PTU
3,103,BET
3,103,PKA
3,103,WNA
3,104,ETH
3,104,HFA
3,104,SDV
3,105,IKE
3,105,SAE
3,105,UMD
3,106,JJU
3,106,JNN
3,106,LLU
3,106,QUW
3,107,EDA
3,107,KCC
3,107,KTN
3,108,ATH
3,108,AXD
3,108,JSH
3,109,DLY
3,109,IPA
3,109,TAH
3,109,VLI
3,110,IMT
3,110,MSP
3,110,RHI
3,111,GAM
3,111,OME
3,111,SVA
3,112,YKG
3,112,YPJ
3,112,YTQ
3,112,YVP
3,113,LGG
3,113,OST
3,113,PMI
3,114,CNS
3,114,EDR
3,114,KWM
3,115,GLF
3,115,PJM
3,115,SJO
3,116,YGV
3,116,YPN
3,116,YZV
3,117,ARN
3,117,EVG
3,117,MXX
3,118,AIA
3,118,CDR
3,118,DEN
3,119,YHO
3,119,YMN
3,119,YSO
3,120,AKN
3,120,EGX
3,120,WSN
3,121,AUU
3,121,CNS
3,121,CUQ
3,121,IRG
3,122,CLE
3,122,DUJ
3,122,FKL
3,123,BNB
3,123,FIH
3,123,MDK
3,124,BOG
3,124,RVE
3,124,TME
3,125,YEV
3,125,YGH
3,125,YVQ
3,126,YEV
3,126,YHI
3,126,YSY
3,127,JJU
3,127,QFG
3,127,QOQ
3,128,CKD
3,128,RDV
3,128,SLQ
3,129,LAD
3,129,MEG
3,129,VHC
3,130,BRD
3,130,INL
3,130,MSP
3,131,AKN
3,131,IGG
3,131,KLL
3,132,AKN
3,132,ANC
3,132,DLG
3,133,ADQ
3,133,KOZ
3,133,ORI
3,134,AHU
3,134,CMN
3,134,TTU
3,135,GMR
3,135,HOI
3,135,MKP
3,135,PPT
3,136,AXR
3,136,KKR
3,136,PPT
3,137,ADD
3,137,ASO
3,137,GMB
3,138,YFB
3,138,YGT
3,138,YUX
3,139,ANI
3,139,SLQ
3,139,SRV
3,140,YWK
3,140,YYR
3,140,ZUM
3,141,BKW
3,141,IAD
3,141,SHD
3,142,AIN
3,142,ATK
3,142,BRW
3,143,JJU
3,143,JNS
3,143,UAK
3,144,HEL
3,144,IVL
3,144,KTT
3,145,LAU
3,145,MYD
3,145,WIL
3,146,MRE
3,146,NYK
3,146,UAS
3,146,WIL
3,147,FON
3,147,PMZ
3,147,SJO
3,147,XQP
3,148,BOM
3,148,DIU
3,148,PBD
3,149,KIF
3,149,SUR
3,149,WNN
3,149,YXL
3,150,GST
3,150,HNH
3,150,JNU
3,151,ANC
3,151,SNP
3,151,STG
3,152,ANC
3,152,ANI
3,152,MCG
3,153,BHS
3,153,PKE
3,153,SYD
3,154,BUC
3,154,DMD
3,154,ONG
3,155,KPB
3,155,KTN
3,155,PPV
3,156,YCB
3,156,YCO
3,156,YHK
3,156,YYH
3,156,YZF
3,157,AXP
3,157,CRI
3,157,NAS
3,158,AAX
3,158,PLU
3,158,POJ
3,159,ATC
3,159,NAS
3,159,TBI
3,160,IGA
3,160,MYG
3,160,NAS
3,161,CKB
3,161,IAD
3,161,MGW
3,162,YQZ
3,162,YVR
3,162,YWL
3,163,CAB
3,163,LAD
3,163,SZA
4,0,AAE
4,0,AAL
4,0,AAR
4,0,ABD
4,0,ABE
4,0,ABJ
4,0,ABQ
4,0,ABT
4,0,ABV
4,0,ABZ
4,0,ACA
4,0,ACC
4,0,ACE
4,0,ACX
4,0,ACY
4,0,ADA
4,0,ADB
4,0,ADD
4,0,ADE
4,0,ADL
4,0,ADZ
4,0,AEB
4,0,AEP
4,0,AER
4,0,AES
4,0,AEX
4,0,AGA
4,0,AGP
4,0,AGS
4,0,AGU
4,0,AHB
4,0,AHO
4,0,AJA
4,0,AJU
4,0,AKJ
4,0,AKL
4,0,AKX
4,0,ALA
4,0,ALB
4,0,ALC
4,0,ALG
4,0,AMA
4,0,AMD
4,0,AMM
4,0,AMQ
4,0,AMS
4,0,ANC
4,0,ANU
4,0,ANX
4,0,AOI
4,0,AOJ
4,0,AOK
4,0,APL
4,0,APW
4,0,AQG
4,0,ARN
4,0,ASB
4,0,ASF
4,0,ASM
4,0,ASP
4,0,ASR
4,0,ASU
4,0,ATH
4,0,ATL
4,0,ATQ
4,0,ATW
4,0,ATZ
4,0,AUA
4,0,AUH
4,0,AUS
4,0,AVA
4,0,AVL
4,0,AVP
4,0,AWZ
4,0,AXA
4,0,AXT
4,0,AYQ
4,0,AYT
4,0,AZA
4,0,AZD
4,0,AZN
4,0,AZO
4,0,AZR
4,0,AZS
4,0,BAH
4,0,BAQ
4,0,BAV
4,0,BBI
4,0,BBK
4,0,BBO
4,0,BCD
4,0,BCN
4,0,BDA
4,0,BDJ
4,0,BDL
4,0,BDO
4,0,BDS
4,0,BEG
4,0,BEL
4,0,BEN
4,0,BES
4,0,BEW
4,0,BEY
4,0,BFJ
4,0,BFL
4,0,BFN
4,0,BFS
4,0,BGA
4,0,BGF
4,0,BGI
4,0,BGM
4,0,BGO
4,0,BGR
4,0,BGW
4,0,BGY
4,0,BHD
4,0,BHE
4,0,BHH
4,0,BHK
4,0,BHM
4,0,BHO
4,0,BHQ
4,0,BHV
4,0,BHX
4,0,BHY
4,0,BIA
4,0,BIL
4,0,BIO
4,0,BIQ
4,0,BIS
4,0,BJA
4,0,BJL
4,0,BJM
4,0,BJV
4,0,BJX
4,0,BKG
4,0,BKI
4,0,BKK
4,0,BKO
4,0,BLA
4,0,BLI
4,0,BLJ
4,0,BLK
4,0,BLL
4,0,BLQ
4,0,BLR
4,0,BLZ
4,0,BMA
4,0,BME
4,0,BMI
4,0,BMV
4,0,BNA
4,0,BND
4,0,BNE
4,0,BNK
4,0,BNN
4,0,BOD
4,0,BOG
4,0,BOH
4,0,BOI
4,0,BOJ
4,0,BOM
4,0,BON
4,0,BOO
4,0,BOS
4,0,BPN
4,0,BPS
4,0,BQN
4,0,BQS
4,0,BRC
4,0,BRE
4,0,BRI
4,0,BRN
4,0,BRS
4,0,BRU
4,0,BSB
4,0,BSK
4,0,BSL
4,0,BSR
4,0,BTH
4,0,BTJ
4,0,BTK
4,0,BTR
4,0,BTS
4,0,BTU
4,0,BTV
4,0,BUD
4,0,BUF
4,0,BUQ
4,0,BUR
4,0,BUS
4,0,BUZ
4,0,BVA
4,0,BVC
4,0,BVE
4,0,BWI
4,0,BWN
4,0,BZE
4,0,BZN
4,0,BZR
4,0,BZV
4,0,CAE
4,0,CAG
4,0,CAI
4,0,CAK
4,0,CAN
4,0,CBR
4,0,CCC
4,0,CCF
4,0,CCJ
4,0,CCS
4,0,CCU
4,0,CDG
4,0,CEB
4,0,CEE
4,0,CEK
4,0,CEN
4,0,CFE
4,0,CFR
4,0,CFU
4,0,CGB
4,0,CGD
4,0,CGH
4,0,CGK
4,0,CGN
4,0,CGO
4,0,CGP
4,0,CGQ
4,0,CGR
4,0,CGY
4,0,CHA
4,0,CHC
4,0,CHO
4,0,CHQ
4,0,CHS
4,0,CIA
4,0,CID
4,0,CIF
4,0,CIH
4,0,CIT
4,0,CIY
4,0,CJB
4,0,CJJ
4,0,CJS
4,0,CJU
4,0,CKG
4,0,CKY
4,0,CLE
4,0,CLJ
4,0,CLO
4,0,CLT
4,0,CLY
4,0,CMB
4,0,CMH
4,0,CMN
4,0,CNF
4,0,CNJ
4,0,CNS
4,0,CNX
4,0,COK
4,0,COO
4,0,COR
4,0,COS
4,0,CPH
4,0,CPR
4,0,CPT
4,0,CPV
4,0,CRK
4,0,CRL
4,0,CRP
4,0,CRW
4,0,CSX
4,0,CTA
4,0,CTG
4,0,CTS
4,0,CTU
4,0,CUC
4,0,CUL
4,0,CUN
4,0,CUR
4,0,CUU
4,0,CVG
4,0,CWA
4,0,CWB
4,0,CWL
4,0,CXR
4,0,CZL
4,0,CZM
4,0,CZX
4,0,DAC
4,0,DAD
4,0,DAL
4,0,DAR
4,0,DAT
4,0,DAX
4,0,DAY
4,0,DBV
4,0,DCA
4,0,DDG
4,0,DEA
4,0,DEL
4,0,DEN
4,0,DFW
4,0,DGO
4,0,DIB
4,0,DIE
4,0,DIG
4,0,DIL
4,0,DIY
4,0,DJE
4,0,DKR
4,0,DLA
4,0,DLC
4,0,DLH
4,0,DLI
4,0,DLM
4,0,DLU
4,0,DMB
4,0,DME
4,0,DMK
4,0,DMM
4,0,DNH
4,0,DNK
4,0,DOH
4,0,DOK
4,0,DOM
4,0,DOY
4,0,DPL
4,0,DPS
4,0,DRO
4,0,DRS
4,0,DRW
4,0,DSA
4,0,DSM
4,0,DSN
4,0,DTM
4,0,DTW
4,0,DUB
4,0,DUD
4,0,DUR
4,0,DUS
4,0,DVO
4,0,DWC
4,0,DXB
4,0,DYG
4,0,DYU
4,0,DZA
4,0,EAM
4,0,EBB
4,0,EBL
4,0,ECN
4,0,ECP
4,0,EDI
4,0,EFL
4,0,EGO
4,0,EIN
4,0,EIS
4,0,ELM
4,0,ELP
4,0,ELQ
4,0,ELS
4,0,EMA
4,0,ENU
4,0,ENY
4,0,ERF
4,0,ERI
4,0,ESB
4,0,ESM
4,0,ETZ
4,0,EUG
4,0,EUN
4,0,EVE
4,0,EVN
4,0,EVV
4,0,EWR
4,0,EXT
4,0,EYW
4,0,EZE
4,0,EZS
4,0,FAE
4,0,FAO
4,0,FAR
4,0,FAT
4,0,FAY
4,0,FBM
4,0,FCA
4,0,FCO
4,0,FDE
4,0,FDF
4,0,FDH
4,0,FEG
4,0,FEZ
4,0,FIH
4,0,FKB
4,0,FLL
4,0,FLN
4,0,FLR
4,0,FLW
4,0,FMM
4,0,FMO
4,0,FNA
4,0,FNC
4,0,FNT
4,0,FOC
4,0,FOR
4,0,FPO
4,0,FRA
4,0,FRO
4,0,FRU
4,0,FSC
4,0,FSD
4,0,FSP
4,0,FSZ
4,0,FUE
4,0,FUG
4,0,FUK
4,0,FWA
4,0,GAU
4,0,GBE
4,0,GBT
4,0,GCI
4,0,GCM
4,0,GDL
4,0,GDN
4,0,GDX
4,0,GEG
4,0,GEO
4,0,GES
4,0,GGT
4,0,GHA
4,0,GHB
4,0,GIG
4,0,GIZ
4,0,GJT
4,0,GLA
4,0,GLK
4,0,GMP
4,0,GND
4,0,GNV
4,0,GNY
4,0,GOA
4,0,GOI
4,0,GOJ
4,0,GOT
4,0,GOU
4,0,GPT
4,0,GRB
4,0,GRJ
4,0,GRK
4,0,GRO
4,0,GRQ
4,0,GRR
4,0,GRU
4,0,GRX
4,0,GRZ
4,0,GSE
4,0,GSM
4,0,GSO
4,0,GSP
4,0,GTF
4,0,GUA
4,0,GUM
4,0,GUW
4,0,GVA
4,0,GWD
4,0,GWT
4,0,GXF
4,0,GYD
4,0,GYE
4,0,GYN
4,0,GYS
4,0,GZP
4,0,GZT
4,0,HAH
4,0,HAJ
4,0,HAK
4,0,HAM
4,0,HAN
4,0,HAS
4,0,HAU
4,0,HAV
4,0,HBA
4,0,HBE
4,0,HDF
4,0,HDG
4,0,HDY
4,0,HEL
4,0,HER
4,0,HET
4,0,HFE
4,0,HGA
4,0,HGH
4,0,HHN
4,0,HIA
4,0,HIJ
4,0,HIR
4,0,HKD
4,0,HKG
4,0,HKT
4,0,HLD
4,0,HLH
4,0,HLN
4,0,HLZ
4,0,HMA
4,0,HMB
4,0,HME
4,0,HMI
4,0,HMO
4,0,HNA
4,0,HND
4,0,HNL
4,0,HOD
4,0,HOF
4,0,HOG
4,0,HOR
4,0,HOU
4,0,HOV
4,0,HPN
4,0,HRB
4,0,HRE
4,0,HRG
4,0,HRI
4,0,HRK
4,0,HRL
4,0,HSN
4,0,HSV
4,0,HTA
4,0,HTI
4,0,HTY
4,0,HUY
4,0,HYD
4,0,HYN
4,0,IAD
4,0,IAH
4,0,IAS
4,0,IBR
4,0,IBZ
4,0,ICN
4,0,ICT
4,0,IDA
4,0,IDR
4,0,IEV
4,0,IFN
4,0,IGU
4,0,IJK
4,0,IKA
4,0,IKT
4,0,ILG
4,0,ILM
4,0,ILO
4,0,IMP
4,0,INC
4,0,IND
4,0,INN
4,0,INV
4,0,IOM
4,0,IOS
4,0,ISA
4,0,ISB
4,0,ISG
4,0,ISP
4,0,IST
4,0,ISU
4,0,ITH
4,0,ITM
4,0,ITO
4,0,IXB
4,0,IXC
4,0,IXE
4,0,IXJ
4,0,IXL
4,0,IXR
4,0,IXZ
4,0,JAI
4,0,JAN
4,0,JAX
4,0,JDO
4,0,JDZ
4,0,JED
4,0,JER
4,0,JFK
4,0,JGN
4,0,JGS
4,0,JHB
4,0,JHG
4,0,JIB
4,0,JIC
4,0,JIQ
4,0,JIU
4,0,JJN
4,0,JKH
4,0,JMK
4,0,JMU
4,0,JNB
4,0,JNG
4,0,JOG
4,0,JPA
4,0,JRO
4,0,JTR
4,0,JUB
4,0,JUH
4,0,JUZ
4,0,JXA
4,0,JZH
4,0,KAN
4,0,KBL
4,0,KBP
4,0,KBR
4,0,KBV
4,0,KCH
4,0,KDH
4,0,KEF
4,0,KER
4,0,KGD
4,0,KGF
4,0,KGI
4,0,KGL
4,0,KGS
4,0,KHG
4,0,KHH
4,0,KHI
4,0,KHN
4,0,KHV
4,0,KIH
4,0,KIJ
4,0,KIN
4,0,KIR
4,0,KIT
4,0,KIV
4,0,KIX
4,0,KJA
4,0,KLO
4,0,KLU
4,0,KLV
4,0,KLX
4,0,KMG
4,0,KMI
4,0,KMJ
4,0,KMQ
4,0,KNX
4,0,KOA
4,0,KOE
4,0,KOJ
4,0,KOW
4,0,KQT
4,0,KRK
4,0,KRL
4,0,KRR
4,0,KRS
4,0,KRT
4,0,KSC
4,0,KSN
4,0,KSQ
4,0,KSU
4,0,KTA
4,0,KTM
4,0,KTW
4,0,KUA
4,0,KUF
4,0,KUH
4,0,KUL
4,0,KUN
4,0,KUT
4,0,KVA
4,0,KVD
4,0,KWE
4,0,KWI
4,0,KWL
4,0,KZN
4,0,KZO
4,0,LAD
4,0,LAN
4,0,LAP
4,0,LAS
4,0,LAX
4,0,LBA
4,0,LBB
4,0,LBD
4,0,LBU
4,0,LBV
4,0,LCA
4,0,LCE
4,0,LCG
4,0,LCY
4,0,LDB
4,0,LDE
4,0,LED
4,0,LEI
4,0,LEJ
4,0,LEX
4,0,LFM
4,0,LFT
4,0,LFW
4,0,LGA
4,0,LGB
4,0,LGK
4,0,LGW
4,0,LHE
4,0,LHR
4,0,LHW
4,0,LIG
4,0,LIH
4,0,LIL
4,0,LIM
4,0,LIN
4,0,LIR
4,0,LIS
4,0,LIT
4,0,LJG
4,0,LJU
4,0,LKO
4,0,LLF
4,0,LLW
4,0,LMM
4,0,LMP
4,0,LNK
4,0,LNZ
4,0,LOP
4,0,LOS
4,0,LPA
4,0,LPB
4,0,LPL
4,0,LPP
4,0,LPQ
4,0,LRD
4,0,LRH
4,0,LRM
4,0,LRR
4,0,LSP
4,0,LST
4,0,LTN
4,0,LUM
4,0,LUN
4,0,LUX
4,0,LUZ
4,0,LVI
4,0,LWO
4,0,LWS
4,0,LXA
4,0,LXR
4,0,LXS
4,0,LYA
4,0,LYG
4,0,LYI
4,0,LYS
4,0,LZH
4,0,LZO
4,0,MAA
4,0,MAB
4,0,MAD
4,0,MAF
4,0,MAH
4,0,MAN
4,0,MAO
4,0,MAR
4,0,MBA
4,0,MBJ
4,0,MBS
4,0,MCI
4,0,MCO
4,0,MCT
4,0,MCX
4,0,MCZ
4,0,MDC
4,0,MDE
4,0,MDG
4,0,MDL
4,0,MDT
4,0,MDW
4,0,MDZ
4,0,MED
4,0,MEL
4,0,MEM
4,0,MEX
4,0,MFE
4,0,MFM
4,0,MFR
4,0,MGA
4,0,MGF
4,0,MGM
4,0,MGQ
4,0,MHD
4,0,MHH
4,0,MHQ
4,0,MHT
4,0,MIA
4,0,MID
4,0,MIG
4,0,MIR
4,0,MJF
4,0,MJT
4,0,MJV
4,0,MJZ
4,0,MKE
4,0,MKY
4,0,MLA
4,0,MLE
4,0,MLH
4,0,MLI
4,0,MLM
4,0,MLU
4,0,MMB
4,0,MMX
4,0,MMY
4,0,MNL
4,0,MOB
4,0,MOL
4,0,MOT
4,0,MPL
4,0,MPM
4,0,MQL
4,0,MQM
4,0,MQN
4,0,MQP
4,0,MRA
4,0,MRS
4,0,MRU
4,0,MRV
4,0,MRY
4,0,MSN
4,0,MSO
4,0,MSP
4,0,MSQ
4,0,MST
4,0,MSY
4,0,MTY
4,0,MUB
4,0,MUC
4,0,MUX
4,0,MVD
4,0,MWX
4,0,MWZ
4,0,MXL
4,0,MXP
4,0,MXZ
4,0,MYJ
4,0,MYR
4,0,MYY
4,0,MZR
4,0,MZT
4,0,MZV
4,0,NAG
4,0,NAN
4,0,NAO
4,0,NAP
4,0,NAS
4,0,NAT
4,0,NAY
4,0,NBC
4,0,NBE
4,0,NBO
4,0,NCE
4,0,NCL
4,0,NDG
4,0,NDJ
4,0,NDR
4,0,NER
4,0,NEV
4,0,NGB
4,0,NGO
4,0,NGS
4,0,NIM
4,0,NJC
4,0,NJF
4,0,NKC
4,0,NKG
4,0,NLA
4,0,NLK
4,0,NMA
4,0,NNG
4,0,NNY
4,0,NOC
4,0,NOJ
4,0,NOS
4,0,NOU
4,0,NPE
4,0,NPL
4,0,NQY
4,0,NRN
4,0,NRT
4,0,NSI
4,0,NSK
4,0,NSN
4,0,NTE
4,0,NTG
4,0,NTL
4,0,NUE
4,0,NUX
4,0,NVI
4,0,NVT
4,0,NWI
4,0,NYM
4,0,NYO
4,0,NZH
4,0,OAJ
4,0,OAK
4,0,OAX
4,0,ODS
4,0,OGG
4,0,OGX
4,0,OIT
4,0,OKA
4,0,OKC
4,0,OKJ
4,0,OLB
4,0,OMA
4,0,OMH
4,0,OMS
4,0,ONT
4,0,OOL
4,0,OPO
4,0,ORD
4,0,ORF
4,0,ORK
4,0,ORN
4,0,ORY
4,0,OSI
4,0,OSL
4,0,OSS
4,0,OTP
4,0,OUA
4,0,OUD
4,0,OUL
4,0,OVB
4,0,OVD
4,0,OXB
4,0,PAD
4,0,PAP
4,0,PAT
4,0,PBC
4,0,PBG
4,0,PBH
4,0,PBI
4,0,PBM
4,0,PDL
4,0,PDX
4,0,PEE
4,0,PEG
4,0,PEI
4,0,PEK
4,0,PEN
4,0,PER
4,0,PEW
4,0,PFO
4,0,PGK
4,0,PGU
4,0,PHE
4,0,PHF
4,0,PHL
4,0,PHX
4,0,PIA
4,0,PIK
4,0,PIT
4,0,PIX
4,0,PKC
4,0,PKN
4,0,PKU
4,0,PLM
4,0,PLQ
4,0,PLS
4,0,PLU
4,0,PLW
4,0,PLX
4,0,PLZ
4,0,PMI
4,0,PMO
4,0,PMR
4,0,PNH
4,0,PNQ
4,0,PNR
4,0,PNS
4,0,PNZ
4,0,POA
4,0,POL
4,0,POM
4,0,POP
4,0,POS
4,0,POZ
4,0,PPS
4,0,PPT
4,0,PRG
4,0,PRN
4,0,PSA
4,0,PSC
4,0,PSP
4,0,PSR
4,0,PTP
4,0,PTY
4,0,PUF
4,0,PUJ
4,0,PUS
4,0,PUY
4,0,PVD
4,0,PVG
4,0,PVK
4,0,PVR
4,0,PWM
4,0,PWQ
4,0,PXU
4,0,PYJ
4,0,PZU
4,0,QRO
4,0,QSF
4,0,RAI
4,0,RAK
4,0,RAO
4,0,RAP
4,0,RAR
4,0,RAS
4,0,RBA
4,0,RDM
4,0,RDU
4,0,REC
4,0,REN
4,0,REP
4,0,REU
4,0,REX
4,0,RGN
4,0,RHO
4,0,RIC
4,0,RIX
4,0,RIY
4,0,RJK
4,0,RLG
4,0,RLK
4,0,RMF
4,0,RMQ
4,0,RNO
4,0,RNS
4,0,ROA
4,0,ROB
4,0,ROC
4,0,ROR
4,0,ROS
4,0,ROT
4,0,ROV
4,0,RPR
4,0,RSW
4,0,RTB
4,0,RTM
4,0,RTW
4,0,RUH
4,0,RUN
4,0,RYG
4,0,RYK
4,0,RZE
4,0,SAF
4,0,SAH
4,0,SAL
4,0,SAN
4,0,SAP
4,0,SAT
4,0,SAV
4,0,SAW
4,0,SBA
4,0,SBH
4,0,SBN
4,0,SBP
4,0,SBW
4,0,SBZ
4,0,SCE
4,0,SCL
4,0,SCN
4,0,SCO
4,0,SCQ
4,0,SCU
4,0,SCW
4,0,SDF
4,0,SDJ
4,0,SDK
4,0,SDQ
4,0,SDR
4,0,SDU
4,0,SEA
4,0,SEN
4,0,SEZ
4,0,SFA
4,0,SFO
4,0,SGC
4,0,SGF
4,0,SGN
4,0,SHA
4,0,SHE
4,0,SHJ
4,0,SHP
4,0,SHV
4,0,SID
4,0,SIN
4,0,SIP
4,0,SJC
4,0,SJD
4,0,SJJ
4,0,SJO
4,0,SJP
4,0,SJU
4,0,SJW
4,0,SKB
4,0,SKD
4,0,SKG
4,0,SKN
4,0,SKP
4,0,SKT
4,0,SKZ
4,0,SLA
4,0,SLC
4,0,SLL
4,0,SLP
4,0,SLU
4,0,SLY
4,0,SLZ
4,0,SMF
4,0,SMI
4,0,SNA
4,0,SNN
4,0,SNU
4,0,SOC
4,0,SOF
4,0,SOG
4,0,SOU
4,0,SPC
4,0,SPN
4,0,SPU
4,0,SRG
4,0,SRQ
4,0,SRY
4,0,SSA
4,0,SSG
4,0,SSH
4,0,SSJ
4,0,STI
4,0,STL
4,0,STN
4,0,STR
4,0,STS
4,0,STT
4,0,STX
4,0,SUB
4,0,SUF
4,0,SUV
4,0,SVD
4,0,SVG
4,0,SVO
4,0,SVQ
4,0,SVX
4,0,SWA
4,0,SWF
4,0,SXB
4,0,SXF
4,0,SXM
4,0,SXR
4,0,SYD
4,0,SYR
4,0,SYX
4,0,SYZ
4,0,SZB
4,0,SZG
4,0,SZX
4,0,SZZ
4,0,TAB
4,0,TAE
4,0,TAI
4,0,TAK
4,0,TAM
4,0,TAO
4,0,TAS
4,0,TBS
4,0,TBU
4,0,TBZ
4,0,TCZ
4,0,TEN
4,0,TER
4,0,TET
4,0,TFN
4,0,TFS
4,0,TGD
4,0,TGG
4,0,TGM
4,0,TGO
4,0,TGU
4,0,TGZ
4,0,THE
4,0,THR
4,0,TIA
4,0,TIF
4,0,TIJ
4,0,TIP
4,0,TIV
4,0,TJM
4,0,TJU
4,0,TKG
4,0,TKU
4,0,TLC
4,0,TLH
4,0,TLL
4,0,TLM
4,0,TLS
4,0,TLV
4,0,TMP
4,0,TNA
4,0,TNG
4,0,TNR
4,0,TOS
4,0,TOY
4,0,TPA
4,0,TPE
4,0,TPS
4,0,TRC
4,0,TRD
4,0,TRF
4,0,TRG
4,0,TRK
4,0,TRN
4,0,TRS
4,0,TRV
4,0,TRZ
4,0,TSA
4,0,TSE
4,0,TSF
4,0,TSN
4,0,TSR
4,0,TSV
4,0,TTE
4,0,TTN
4,0,TUF
4,0,TUK
4,0,TUL
4,0,TUN
4,0,TUS
4,0,TUU
4,0,TVC
4,0,TVS
4,0,TWU
4,0,TXL
4,0,TXN
4,0,TYN
4,0,TYS
4,0,TZX
4,0,UBA
4,0,UDI
4,0,UEL
4,0,UET
4,0,UFA
4,0,UGC
4,0,UIO
4,0,UKB
4,0,UKK
4,0,ULN
4,0,UME
4,0,UPG
4,0,URA
4,0,URC
4,0,USM
4,0,UTH
4,0,UUD
4,0,UUS
4,0,UVF
4,0,UYN
4,0,VAN
4,0,VAR
4,0,VCE
4,0,VCP
4,0,VDC
4,0,VER
4,0,VFA
4,0,VGO
4,0,VIE
4,0,VII
4,0,VIL
4,0,VIX
4,0,VKO
4,0,VLC
4,0,VLI
4,0,VLN
4,0,VNO
4,0,VNS
4,0,VOG
4,0,VOL
4,0,VOZ
4,0,VPS
4,0,VRA
4,0,VRN
4,0,VSA
4,0,VTE
4,0,VTZ
4,0,VVI
4,0,VVO
4,0,VXE
4,0,VXO
4,0,WAW
4,0,WDH
4,0,WEF
4,0,WJR
4,0,WLG
4,0,WMI
4,0,WNZ
4,0,WRO
4,0,WUA
4,0,WUH
4,0,WUS
4,0,WUX
4,0,WUZ
4,0,WVB
4,0,WXN
4,0,XAP
4,0,XFN
4,0,XIC
4,0,XIY
4,0,XMN
4,0,XNA
4,0,XNN
4,0,XRY
4,0,XUZ
4,0,YBP
4,0,YCU
4,0,YDF
4,0,YEG
4,0,YFC
4,0,YGJ
4,0,YHZ
4,0,YIC
4,0,YIH
4,0,YIW
4,0,YKA
4,0,YKS
4,0,YLW
4,0,YMM
4,0,YNB
4,0,YNJ
4,0,YNT
4,0,YNZ
4,0,YOW
4,0,YQB
4,0,YQM
4,0,YQQ
4,0,YQR
4,0,YQX
4,0,YSJ
4,0,YTY
4,0,YTZ
4,0,YUL
4,0,YVR
4,0,YWG
4,0,YXC
4,0,YXE
4,0,YXJ
4,0,YXS
4,0,YXU
4,0,YXY
4,0,YYC
4,0,YYG
4,0,YYJ
4,0,YYR
4,0,YYT
4,0,YYZ
4,0,YZF
4,0,ZAD
4,0,ZAG
4,0,ZAH
4,0,ZAM
4,0,ZAZ
4,0,ZBR
4,0,ZCL
4,0,ZHA
4,0,ZIH
4,0,ZLO
4,0,ZNZ
4,0,ZQN
4,0,ZQW
4,0,ZRH
4,0,ZTH
4,0,ZUH
4,0,ZYI
4,0,ZYL
4,1,ANM
4,1,TMM
4,1,TNR
4,1,WMN
4,2,RUN
4,2,SMS
4,2,TMM
4,2,TNR
4,3,ABL
4,3,OBU
4,3,OTZ
4,3,SHG
4,4,AQP
4,4,CUZ
4,4,JUL
4,4,LIM
4,4,LPB
4,5,IQT
4,5,LIM
4,5,PCL
4,5,TPP
4,6,ALF
4,6,BJF
4,6,BVG
4,6,HFT
4,6,HVG
4,6,KKN
4,6,LKL
4,6,MEH
4,6,OSL
4,6,SOJ
4,6,TOS
4,6,VDS
4,7,NAN
4,7,SUV
4,7,SVU
4,7,TVU
4,8,BUA
4,8,LNV
4,8,POM
4,8,RAB
4,9,GKA
4,9,HGU
4,9,HKN
4,9,KVG
4,9,LAE
4,9,MAG
4,9,MAS
4,9,POM
4,9,RAB
4,9,VAI
4,9,WWK
4,10,HGU
4,10,POM
4,10,TBG
4,10,UNG
4,11,BNE
4,11,LDH
4,11,PQQ
4,11,SYD
4,12,YEG
4,12,YHY
4,12,YSM
4,12,YZF
4,13,AJL
4,13,CCU
4,13,GAU
4,13,IMF
4,13,IXA
4,13,IXS
4,14,AUQ
4,14,NHV
4,14,UAH
4,14,UAP
4,15,YHP
4,15,YNO
4,15,YPM
4,15,YRL
4,16,AMQ
4,16,FKQ
4,16,MKW
4,16,SOQ
4,16,UPG
4,17,BCV
4,17,BZE
4,17,CUK
4,17,SPR
4,17,SQS
4,17,TZA
4,18,ACK
4,18,EWB
4,18,HPN
4,18,MVY
4,19,YBC
4,19,YBG
4,19,YHU
4,19,YKL
4,19,YQB
4,19,YUL
4,19,YVB
4,19,YWK
4,19,YYY
4,19,YZV
4,20,CBB
4,20,LPB
4,20,SRE
4,20,TJA
4,20,VVI
4,21,DGA
4,21,INB
4,21,PLJ
4,21,SVK
4,22,YVR
4,22,YXS
4,22,YXT
4,22,YYD
4,23,BBA
4,23,PMC
4,23,PUQ
4,23,SCL
4,24,YPM
4,24,YRL
4,24,YVZ
4,24,YXL
4,24,ZSJ
4,25,HEH
4,25,MDL
4,25,NYU
4,25,RGN
4,25,THL
4,26,EDI
4,26,INV
4,26,KOI
4,26,LSI
4,27,IEV
4,27,KUT
4,27,VKO
4,27,VNO
4,28,INH
4,28,JNB
4,28,MPM
4,28,VNX
4,29,BLA
4,29,CCS
4,29,PMV
4,29,PZO
4,30,AEP
4,30,BRC
4,30,CRD
4,30,EQS
4,30,REL
4,31,EGM
4,31,GZO
4,31,HIR
4,31,KGE
4,31,MUA
4,31,RBV
4,32,BOB
4,32,PPT
4,32,RGI
4,32,TIH
4,33,ANF
4,33,CJC
4,33,CPO
4,33,LSC
4,33,SCL
4,34,LAD
4,34,NOV
4,34,SPP
4,34,VPE
4,35,YFO
4,35,YQD
4,35,YTH
4,35,YWG
4,36,ANC
4,36,BRW
4,36,FAI
4,36,SCC
4,37,EYK
4,37,NYM
4,37,OVS
4,37,SVX
4,37,VKO
4,38,ATT
4,38,BET
4,38,KUK
4,38,NUP
4,39,BET
4,39,HPB
4,39,SCM
4,39,VAK
4,40,YAM
4,40,YQT
4,40,YSB
4,40,YTS
4,40,YTZ
4,40,YYZ
4,41,BOB
4,41,HUH
4,41,MAU
4,41,MOZ
4,41,PPT
4,41,RFP
4,42,YRT
4,42,YTH
4,42,YWG
4,42,YYQ
4,43,HGU
4,43,MXH
4,43,POM
4,43,TIZ
4,44,XBE
4,44,YAX
4,44,YER
4,44,YTL
4,44,YXL
4,45,HER
4,45,LGG
4,45,LIL
4,45,RHO
4,46,ANF
4,46,ARI
4,46,IQQ
4,46,SCL
4,47,KKA
4,47,OME
4,47,SKK
4,47,UNK
4,48,CNS
4,48,DRW
4,48,GOV
4,48,GTE
4,49,AUU
4,49,CNS
4,49,CUQ
4,49,IRG
4,50,CGA
4,50,HYL
4,50,KTB
4,50,KTN
4,51,HNL
4,51,LNY
4,51,MKK
4,51,OGG
4,52,GAE
4,52,GAF
4,52,TOE
4,52,TUN
4,53,CBB
4,53,CIJ
4,53,LPB
4,53,TDD
4,54,DEN
4,54,GCC
4,54,RKS
4,54,SLC
4,55,ARH
4,55,LED
4,55,MMK
4,55,SVO
4,56,YCB
4,56,YHK
4,56,YYH
4,56,YZF
5,0,AAE
5,0,AAL
5,0,AAR
5,0,ABE
5,0,ABJ
5,0,ABQ
5,0,ABV
5,0,ABZ
5,0,ACC
5,0,ACE
5,0,ACX
5,0,ACY
5,0,ADA
5,0,ADB
5,0,ADD
5,0,ADE
5,0,ADL
5,0,ADZ
5,0,AEP
5,0,AER
5,0,AES
5,0,AGA
5,0,AGP
5,0,AGU
5,0,AHB
5,0,AHO
5,0,AJA
5,0,AJU
5,0,AKL
5,0,AKX
5,0,ALA
5,0,ALB
5,0,ALC
5,0,ALG
5,0,AMA
5,0,AMD
5,0,AMM
5,0,AMS
5,0,ANC
5,0,ANU
5,0,AOI
5,0,APW
5,0,AQG
5,0,ARN
5,0,ASB
5,0,ASM
5,0,ASP
5,0,ASR
5,0,ASU
5,0,ATH
5,0,ATL
5,0,ATW
5,0,ATZ
5,0,AUA
5,0,AUH
5,0,AUS
5,0,AVL
5,0,AVP
5,0,AWZ
5,0,AXT
5,0,AYT
5,0,AZD
5,0,AZO
5,0,AZS
5,0,BAH
5,0,BAQ
5,0,BAV
5,0,BBI
5,0,BCD
5,0,BCN
5,0,BDA
5,0,BDJ
5,0,BDL
5,0,BDO
5,0,BDS
5,0,BEG
5,0,BEL
5,0,BEN
5,0,BES
5,0,BEY
5,0,BFJ
5,0,BFL
5,0,BFS
5,0,BGF
5,0,BGI
5,0,BGO
5,0,BGR
5,0,BGW
5,0,BGY
5,0,BHD
5,0,BHK
5,0,BHM
5,0,BHX
5,0,BHY
5,0,BIA
5,0,BIL
5,0,BIO
5,0,BIQ
5,0,BJA
5,0,BJL
5,0,BJM
5,0,BJV
5,0,BJX
5,0,BKI
5,0,BKK
5,0,BKO
5,0,BLI
5,0,BLJ
5,0,BLK
5,0,BLL
5,0,BLQ
5,0,BLR
5,0,BLZ
5,0,BME
5,0,BMI
5,0,BNA
5,0,BND
5,0,BNE
5,0,BNN
5,0,BOD
5,0,BOG
5,0,BOH
5,0,BOI
5,0,BOJ
5,0,BOM
5,0,BON
5,0,BOO
5,0,BOS
5,0,BPN
5,0,BPS
5,0,BQS
5,0,BRE
5,0,BRI
5,0,BRN
5,0,BRS
5,0,BRU
5,0,BSB
5,0,BSL
5,0,BSR
5,0,BTH
5,0,BTR
5,0,BTS
5,0,BTU
5,0,BTV
5,0,BUD
5,0,BUF
5,0,BUR
5,0,BVA
5,0,BVC
5,0,BWI
5,0,BWN
5,0,BZE
5,0,BZN
5,0,BZV
5,0,CAE
5,0,CAG
5,0,CAI
5,0,CAK
5,0,CAN
5,0,CBR
5,0,CCC
5,0,CCF
5,0,CCJ
5,0,CCS
5,0,CCU
5,0,CDG
5,0,CEB
5,0,CEK
5,0,CEN
5,0,CFE
5,0,CFR
5,0,CFU
5,0,CGB
5,0,CGD
5,0,CGH
5,0,CGK
5,0,CGN
5,0,CGO
5,0,CGP
5,0,CGQ
5,0,CGR
5,0,CGY
5,0,CHA
5,0,CHC
5,0,CHO
5,0,CHQ
5,0,CHS
5,0,CIA
5,0,CID
5,0,CIF
5,0,CIH
5,0,CIT
5,0,CIY
5,0,CJB
5,0,CJS
5,0,CJU
5,0,CKG
5,0,CKY
5,0,CLE
5,0,CLJ
5,0,CLO
5,0,CLT
5,0,CLY
5,0,CMB
5,0,CMH
5,0,CMN
5,0,CNF
5,0,CNS
5,0,CNX
5,0,COK
5,0,COO
5,0,COR
5,0,COS
5,0,CPH
5,0,CPT
5,0,CRK
5,0,CRL
5,0,CRW
5,0,CSX
5,0,CTA
5,0,CTG
5,0,CTS
5,0,CTU
5,0,CUL
5,0,CUN
5,0,CUR
5,0,CUU
5,0,CVG
5,0,CWB
5,0,CWL
5,0,CZL
5,0,CZM
5,0,CZX
5,0,DAC
5,0,DAD
5,0,DAL
5,0,DAR
5,0,DAT
5,0,DAX
5,0,DAY
5,0,DBV
5,0,DCA
5,0,DEL
5,0,DEN
5,0,DFW
5,0,DJE
5,0,DKR
5,0,DLA
5,0,DLC
5,0,DLM
5,0,DME
5,0,DMK
5,0,DMM
5,0,DNH
5,0,DNK
5,0,DOH
5,0,DOK
5,0,DOM
5,0,DOY
5,0,DPS
5,0,DRS
5,0,DRW
5,0,DSM
5,0,DSN
5,0,DTM
5,0,DTW
5,0,DUB
5,0,DUD
5,0,DUR
5,0,DUS
5,0,DVO
5,0,DWC
5,0,DXB
5,0,DYG
5,0,DYU
5,0,EBB
5,0,EBL
5,0,ECN
5,0,ECP
5,0,EDI
5,0,EFL
5,0,EGO
5,0,EIN
5,0,ELP
5,0,ELQ
5,0,EMA
5,0,ERF
5,0,ESB
5,0,ETZ
5,0,EUG
5,0,EVE
5,0,EVN
5,0,EVV
5,0,EWR
5,0,EXT
5,0,EYW
5,0,EZE
5,0,FAE
5,0,FAO
5,0,FAR
5,0,FAT
5,0,FBM
5,0,FCA
5,0,FCO
5,0,FDF
5,0,FDH
5,0,FEG
5,0,FEZ
5,0,FIH
5,0,FKB
5,0,FLL
5,0,FLN
5,0,FLR
5,0,FMM
5,0,FMO
5,0,FNA
5,0,FNC
5,0,FNT
5,0,FOC
5,0,FOR
5,0,FPO
5,0,FRA
5,0,FRO
5,0,FRU
5,0,FSC
5,0,FSD
5,0,FSZ
5,0,FUE
5,0,FUG
5,0,FUK
5,0,FWA
5,0,GAU
5,0,GBE
5,0,GBT
5,0,GCI
5,0,GCM
5,0,GDL
5,0,GDN
5,0,GDX
5,0,GEG
5,0,GEO
5,0,GGT
5,0,GIG
5,0,GIZ
5,0,GJT
5,0,GLA
5,0,GMP
5,0,GND
5,0,GNV
5,0,GOA
5,0,GOI
5,0,GOJ
5,0,GOT
5,0,GPT
5,0,GRB
5,0,GRO
5,0,GRR
5,0,GRU
5,0,GRZ
5,0,GSE
5,0,GSM
5,0,GSO
5,0,GSP
5,0,GTF
5,0,GUA
5,0,GUM
5,0,GUW
5,0,GVA
5,0,GWT
5,0,GXF
5,0,GYD
5,0,GYE
5,0,GYN
5,0,GZP
5,0,GZT
5,0,HAJ
5,0,HAK
5,0,HAM
5,0,HAN
5,0,HAS
5,0,HAU
5,0,HAV
5,0,HBE
5,0,HDG
5,0,HDY
5,0,HEL
5,0,HER
5,0,HET
5,0,HFE
5,0,HGA
5,0,HGH
5,0,HHN
5,0,HIA
5,0,HIJ
5,0,HKD
5,0,HKG
5,0,HKT
5,0,HLD
5,0,HLN
5,0,HMA
5,0,HMB
5,0,HMI
5,0,HMO
5,0,HND
5,0,HNL
5,0,HOD
5,0,HOG
5,0,HOU
5,0,HPN
5,0,HRB
5,0,HRE
5,0,HRG
5,0,HRI
5,0,HRK
5,0,HSN
5,0,HSV
5,0,HTA
5,0,HTI
5,0,HTY
5,0,HYD
5,0,HYN
5,0,IAD
5,0,IAH
5,0,IAS
5,0,IBR
5,0,IBZ
5,0,ICN
5,0,ICT
5,0,IDR
5,0,IEV
5,0,IFN
5,0,IGU
5,0,IKA
5,0,IKT
5,0,ILG
5,0,ILM
5,0,ILO
5,0,IMP
5,0,INC
5,0,IND
5,0,INN
5,0,IOS
5,0,ISA
5,0,ISB
5,0,ISG
5,0,ISP
5,0,IST
5,0,ISU
5,0,ITM
5,0,IXB
5,0,IXE
5,0,JAI
5,0,JAN
5,0,JAX
5,0,JDO
5,0,JDZ
5,0,JED
5,0,JER
5,0,JFK
5,0,JGS
5,0,JHB
5,0,JHG
5,0,JIB
5,0,JIQ
5,0,JIU
5,0,JJN
5,0,JKH
5,0,JMK
5,0,JMU
5,0,JNB
5,0,JNG
5,0,JOG
5,0,JPA
5,0,JRO
5,0,JTR
5,0,JUB
5,0,JUH
5,0,JZH
5,0,KAN
5,0,KBL
5,0,KBP
5,0,KBR
5,0,KBV
5,0,KCH
5,0,KEF
5,0,KGD
5,0,KGL
5,0,KGS
5,0,KHH
5,0,KHI
5,0,KHN
5,0,KHV
5,0,KIH
5,0,KIJ
5,0,KIN
5,0,KIR
5,0,KIV
5,0,KIX
5,0,KJA
5,0,KLO
5,0,KLX
5,0,KMG
5,0,KMI
5,0,KMJ
5,0,KMQ
5,0,KOA
5,0,KOJ
5,0,KOW
5,0,KQT
5,0,KRK
5,0,KRL
5,0,KRR
5,0,KRS
5,0,KRT
5,0,KSU
5,0,KTA
5,0,KTM
5,0,KTW
5,0,KUF
5,0,KUL
5,0,KUN
5,0,KVA
5,0,KWE
5,0,KWI
5,0,KWL
5,0,KZN
5,0,LAD
5,0,LAN
5,0,LAP
5,0,LAS
5,0,LAX
5,0,LBA
5,0,LBB
5,0,LBD
5,0,LBV
5,0,LCA
5,0,LCG
5,0,LCY
5,0,LED
5,0,LEI
5,0,LEJ
5,0,LEX
5,0,LFW
5,0,LGA
5,0,LGB
5,0,LGK
5,0,LGW
5,0,LHE
5,0,LHR
5,0,LHW
5,0,LIH
5,0,LIL
5,0,LIM
5,0,LIN
5,0,LIR
5,0,LIS
5,0,LIT
5,0,LJG
5,0,LJU
5,0,LKO
5,0,LLW
5,0,LMM
5,0,LNZ
5,0,LOP
5,0,LOS
5,0,LPA
5,0,LPL
5,0,LRM
5,0,LRR
5,0,LTN
5,0,LUM
5,0,LUN
5,0,LUX
5,0,LVI
5,0,LWO
5,0,LXA
5,0,LXR
5,0,LYA
5,0,LYG
5,0,LYI
5,0,LYS
5,0,LZH
5,0,LZO
5,0,MAA
5,0,MAD
5,0,MAF
5,0,MAH
5,0,MAN
5,0,MAO
5,0,MAR
5,0,MBA
5,0,MBJ
5,0,MBS
5,0,MCI
5,0,MCO
5,0,MCT
5,0,MCZ
5,0,MDC
5,0,MDE
5,0,MDG
5,0,MDT
5,0,MDW
5,0,MED
5,0,MEL
5,0,MEM
5,0,MEX
5,0,MFE
5,0,MFM
5,0,MFR
5,0,MGA
5,0,MHD
5,0,MHT
5,0,MIA
5,0,MID
5,0,MIG
5,0,MIR
5,0,MJT
5,0,MJV
5,0,MJZ
5,0,MKE
5,0,MKY
5,0,MLA
5,0,MLE
5,0,MLH
5,0,MLI
5,0,MLM
5,0,MMX
5,0,MNL
5,0,MOB
5,0,MOL
5,0,MPL
5,0,MPM
5,0,MRA
5,0,MRS
5,0,MRU
5,0,MRV
5,0,MRY
5,0,MSN
5,0,MSO
5,0,MSP
5,0,MSQ
5,0,MSY
5,0,MTY
5,0,MUC
5,0,MUX
5,0,MVD
5,0,MXP
5,0,MYJ
5,0,MYR
5,0,MYY
5,0,MZT
5,0,NAG
5,0,NAN
5,0,NAO
5,0,NAP
5,0,NAS
5,0,NAT
5,0,NAY
5,0,NBC
5,0,NBE
5,0,NBO
5,0,NCE
5,0,NCL
5,0,NDJ
5,0,NDR
5,0,NEV
5,0,NGB
5,0,NGO
5,0,NGS
5,0,NIM
5,0,NJC
5,0,NJF
5,0,NKC
5,0,NKG
5,0,NLA
5,0,NMA
5,0,NNG
5,0,NNY
5,0,NOC
5,0,NOU
5,0,NRN
5,0,NRT
5,0,NSI
5,0,NSK
5,0,NTE
5,0,NTG
5,0,NUE
5,0,NUX
5,0,NWI
5,0,NYO
5,0,NZH
5,0,OAK
5,0,OAX
5,0,ODS
5,0,OGG
5,0,OKA
5,0,OKC
5,0,OKJ
5,0,OLB
5,0,OMA
5,0,OMS
5,0,ONT
5,0,OOL
5,0,OPO
5,0,ORD
5,0,ORF
5,0,ORK
5,0,ORN
5,0,ORY
5,0,OSL
5,0,OSS
5,0,OTP
5,0,OUA
5,0,OUD
5,0,OVB
5,0,OVD
5,0,OXB
5,0,PAD
5,0,PAP
5,0,PBC
5,0,PBI
5,0,PDL
5,0,PDX
5,0,PEK
5,0,PEN
5,0,PER
5,0,PEW
5,0,PFO
5,0,PGU
5,0,PHE
5,0,PHF
5,0,PHL
5,0,PHX
5,0,PIA
5,0,PIK
5,0,PIT
5,0,PKN
5,0,PKU
5,0,PLM
5,0,PLS
5,0,PLW
5,0,PMI
5,0,PMO
5,0,PNH
5,0,PNQ
5,0,PNR
5,0,PNS
5,0,PNZ
5,0,POA
5,0,POM
5,0,POP
5,0,POS
5,0,POZ
5,0,PPS
5,0,PPT
5,0,PRG
5,0,PRN
5,0,PSA
5,0,PSC
5,0,PSP
5,0,PSR
5,0,PTP
5,0,PTY
5,0,PUJ
5,0,PUS
5,0,PUY
5,0,PVD
5,0,PVG
5,0,PVK
5,0,PVR
5,0,PWM
5,0,PYJ
5,0,PZU
5,0,QRO
5,0,QSF
5,0,RAI
5,0,RAK
5,0,RAO
5,0,RAP
5,0,RAS
5,0,RBA
5,0,RDM
5,0,RDU
5,0,REC
5,0,REP
5,0,REU
5,0,REX
5,0,RGN
5,0,RHO
5,0,RIC
5,0,RIX
5,0,RIY
5,0,RJK
5,0,RLK
5,0,RMQ
5,0,RNO
5,0,RNS
5,0,ROA
5,0,ROB
5,0,ROC
5,0,ROR
5,0,ROV
5,0,RPR
5,0,RSW
5,0,RTB
5,0,RTM
5,0,RTW
5,0,RUH
5,0,RUN
5,0,RYG
5,0,RZE
5,0,SAH
5,0,SAL
5,0,SAN
5,0,SAP
5,0,SAT
5,0,SAV
5,0,SAW
5,0,SBA
5,0,SBH
5,0,SBN
5,0,SBW
5,0,SCE
5,0,SCL
5,0,SCO
5,0,SCQ
5,0,SDF
5,0,SDJ
5,0,SDQ
5,0,SDR
5,0,SDU
5,0,SEA
5,0,SEN
5,0,SEZ
5,0,SFO
5,0,SGC
5,0,SGF
5,0,SGN
5,0,SHA
5,0,SHE
5,0,SHJ
5,0,SHP
5,0,SHV
5,0,SID
5,0,SIN
5,0,SIP
5,0,SJC
5,0,SJD
5,0,SJJ
5,0,SJO
5,0,SJU
5,0,SJW
5,0,SKB
5,0,SKD
5,0,SKG
5,0,SKP
5,0,SKT
5,0,SLC
5,0,SLL
5,0,SLP
5,0,SLY
5,0,SLZ
5,0,SMF
5,0,SMI
5,0,SNA
5,0,SNN
5,0,SNU
5,0,SOF
5,0,SOU
5,0,SPC
5,0,SPN
5,0,SPU
5,0,SRG
5,0,SRQ
5,0,SRY
5,0,SSA
5,0,SSG
5,0,SSH
5,0,SSJ
5,0,STI
5,0,STL
5,0,STN
5,0,STR
5,0,STS
5,0,STT
5,0,STX
5,0,SUB
5,0,SUF
5,0,SVG
5,0,SVO
5,0,SVQ
5,0,SVX
5,0,SWA
5,0,SWF
5,0,SXB
5,0,SXF
5,0,SXM
5,0,SYD
5,0,SYR
5,0,SYX
5,0,SYZ
5,0,SZG
5,0,SZX
5,0,TAB
5,0,TAE
5,0,TAI
5,0,TAK
5,0,TAM
5,0,TAO
5,0,TAS
5,0,TBS
5,0,TBZ
5,0,TCZ
5,0,TEN
5,0,TFN
5,0,TFS
5,0,TGD
5,0,TGO
5,0,TGU
5,0,TGZ
5,0,THE
5,0,THR
5,0,TIA
5,0,TIF
5,0,TIJ
5,0,TIP
5,0,TJM
5,0,TKU
5,0,TLC
5,0,TLH
5,0,TLL
5,0,TLM
5,0,TLS
5,0,TLV
5,0,TMP
5,0,TNA
5,0,TNG
5,0,TNR
5,0,TOS
5,0,TOY
5,0,TPA
5,0,TPE
5,0,TPS
5,0,TRC
5,0,TRD
5,0,TRF
5,0,TRK
5,0,TRN
5,0,TRS
5,0,TRV
5,0,TRZ
5,0,TSA
5,0,TSE
5,0,TSF
5,0,TSN
5,0,TSR
5,0,TSV
5,0,TTN
5,0,TUF
5,0,TUL
5,0,TUN
5,0,TUS
5,0,TUU
5,0,TVS
5,0,TXL
5,0,TXN
5,0,TYN
5,0,TYS
5,0,TZX
5,0,UDI
5,0,UET
5,0,UFA
5,0,UGC
5,0,UIO
5,0,UKB
5,0,ULN
5,0,UPG
5,0,URC
5,0,USM
5,0,UUD
5,0,UUS
5,0,UVF
5,0,UYN
5,0,VAR
5,0,VCE
5,0,VCP
5,0,VER
5,0,VGO
5,0,VIE
5,0,VIX
5,0,VKO
5,0,VLC
5,0,VLI
5,0,VLN
5,0,VNO
5,0,VNS
5,0,VOG
5,0,VOZ
5,0,VPS
5,0,VRA
5,0,VRN
5,0,VSA
5,0,VTE
5,0,VTZ
5,0,VVI
5,0,VVO
5,0,VXE
5,0,VXO
5,0,WAW
5,0,WDH
5,0,WEF
5,0,WLG
5,0,WMI
5,0,WNZ
5,0,WRO
5,0,WUH
5,0,WUS
5,0,WUX
5,0,WXN
5,0,XAP
5,0,XFN
5,0,XIY
5,0,XMN
5,0,XNA
5,0,XNN
5,0,XRY
5,0,XUZ
5,0,YBP
5,0,YCU
5,0,YEG
5,0,YFC
5,0,YGJ
5,0,YHZ
5,0,YIC
5,0,YIH
5,0,YIW
5,0,YKS
5,0,YLW
5,0,YMM
5,0,YNB
5,0,YNJ
5,0,YNT
5,0,YNZ
5,0,YOW
5,0,YQB
5,0,YQM
5,0,YQR
5,0,YTY
5,0,YTZ
5,0,YUL
5,0,YVR
5,0,YWG
5,0,YXE
5,0,YXU
5,0,YXY
5,0,YYC
5,0,YYJ
5,0,YYT
5,0,YYZ
5,0,ZAD
5,0,ZAG
5,0,ZAZ
5,0,ZHA
5,0,ZIH
5,0,ZNZ
5,0,ZQN
5,0,ZQW
5,0,ZRH
5,0,ZTH
5,0,ZUH
5,0,ZYI
5,1,DIE
5,1,DZA
5,1,NOS
5,1,RUN
5,1,TNR
5,2,DZA
5,2,MRS
5,2,ORY
5,2,RUN
5,2,TNR
5,3,BJF
5,3,BVG
5,3,HFT
5,3,MEH
5,3,VDS
5,4,BCV
5,4,BZE
5,4,CUK
5,4,SPR
5,4,SQS
5,4,TZA
5,5,CBB
5,5,LPB
5,5,SRE
5,5,TJA
5,5,VVI
5,6,DOM
5,6,EIS
5,6,NEV
5,6,SJU
5,6,STT
5,6,SXM
5,7,AKL
5,7,NAN
5,7,SUV
5,7,SYD
5,7,TBU
5,8,APL
5,8,BEW
5,8,JNB
5,8,MPM
5,8,NBO
5,8,POL
5,8,TET
5,9,AUS
5,9,DAL
5,9,HRL
5,9,IAH
5,9,LBB
5,10,AEP
5,10,BRC
5,10,CRD
5,10,EQS
5,10,REL
5,11,CGH
5,11,CWB
5,11,GRU
5,11,LDB
5,11,MGF
5,11,POA
5,11,VCP
5,12,CPT
5,12,DUR
5,12,ELS
5,12,JNB
5,12,PLZ
5,13,BOM
5,13,CCU
5,13,DEL
5,13,IXR
5,13,PAT
5,14,ANU
5,14,BGI
5,14,DOM
5,14,SLU
5,14,SXM
5,15,BOB
5,15,HUH
5,15,MOZ
5,15,PPT
5,15,RFP
5,16,GKA
5,16,HGU
5,16,LAE
5,16,MAG
5,16,POM
5,17,YBC
5,17,YBG
5,17,YQB
5,17,YUL
5,17,YWK
5,17,YYY
5,17,YZV
5,18,AKL
5,18,CHC
5,18,HLZ
5,18,NSN
5,18,PMR
5,18,WLG
5,19,BMV
5,19,DAD
5,19,HAN
5,19,SGN
5,19,VII
5,20,FCO
5,20,HAV
5,20,MAD
5,20,ORY
5,20,SCU
5,20,SDQ
5,21,BHV
5,21,ISB
5,21,KHI
5,21,LHE
5,21,SKZ
6,0,AAE
6,0,AAL
6,0,AAR
6,0,ABE
6,0,ABJ
6,0,ABQ
6,0,ABV
6,0,ABZ
6,0,ACC
6,0,ACE
6,0,ACY
6,0,ADB
6,0,ADD
6,0,ADE
6,0,ADL
6,0,ADZ
6,0,AEP
6,0,AER
6,0,AES
6,0,AGA
6,0,AGP
6,0,AGU
6,0,AHB
6,0,AHO
6,0,AJA
6,0,AJU
6,0,AKL
6,0,ALA
6,0,ALB
6,0,ALC
6,0,ALG
6,0,AMD
6,0,AMM
6,0,AMS
6,0,ANC
6,0,ANU
6,0,AOI
6,0,APW
6,0,AQG
6,0,ARN
6,0,ASB
6,0,ASM
6,0,ASP
6,0,ASU
6,0,ATH
6,0,ATL
6,0,ATW
6,0,ATZ
6,0,AUA
6,0,AUH
6,0,AUS
6,0,AVL
6,0,AVP
6,0,AWZ
6,0,AYT
6,0,BAH
6,0,BAQ
6,0,BAV
6,0,BBI
6,0,BCN
6,0,BDA
6,0,BDL
6,0,BDO
6,0,BDS
6,0,BEG
6,0,BEL
6,0,BEN
6,0,BES
6,0,BEY
6,0,BFJ
6,0,BFL
6,0,BFS
6,0,BGI
6,0,BGO
6,0,BGW
6,0,BGY
6,0,BHD
6,0,BHM
6,0,BHX
6,0,BHY
6,0,BIA
6,0,BIL
6,0,BIO
6,0,BIQ
6,0,BJV
6,0,BJX
6,0,BKI
6,0,BKK
6,0,BKO
6,0,BLI
6,0,BLL
6,0,BLQ
6,0,BLR
6,0,BLZ
6,0,BME
6,0,BMI
6,0,BNA
6,0,BND
6,0,BNE
6,0,BOD
6,0,BOG
6,0,BOH
6,0,BOI
6,0,BOJ
6,0,BOM
6,0,BOS
6,0,BPN
6,0,BRE
6,0,BRI
6,0,BRN
6,0,BRS
6,0,BRU
6,0,BSB
6,0,BSL
6,0,BSR
6,0,BTH
6,0,BTS
6,0,BTV
6,0,BUD
6,0,BUF
6,0,BUR
6,0,BVA
6,0,BVC
6,0,BWI
6,0,BWN
6,0,BZE
6,0,BZN
6,0,BZV
6,0,CAE
6,0,CAG
6,0,CAI
6,0,CAK
6,0,CAN
6,0,CBR
6,0,CCJ
6,0,CCS
6,0,CCU
6,0,CDG
6,0,CEB
6,0,CEK
6,0,CFU
6,0,CGB
6,0,CGD
6,0,CGH
6,0,CGK
6,0,CGN
6,0,CGO
6,0,CGP
6,0,CGQ
6,0,CHA
6,0,CHC
6,0,CHO
6,0,CHQ
6,0,CHS
6,0,CIA
6,0,CID
6,0,CIF
6,0,CIH
6,0,CIT
6,0,CJB
6,0,CJS
6,0,CJU
6,0,CKG
6,0,CKY
6,0,CLE
6,0,CLJ
6,0,CLO
6,0,CLT
6,0,CMB
6,0,CMH
6,0,CMN
6,0,CNF
6,0,CNS
6,0,CNX
6,0,COK
6,0,COO
6,0,COR
6,0,COS
6,0,CPH
6,0,CPT
6,0,CRK
6,0,CRL
6,0,CRW
6,0,CSX
6,0,CTA
6,0,CTG
6,0,CTS
6,0,CTU
6,0,CUL
6,0,CUN
6,0,CUR
6,0,CUU
6,0,CVG
6,0,CWB
6,0,CWL
6,0,CZL
6,0,CZM
6,0,CZX
6,0,DAC
6,0,DAD
6,0,DAL
6,0,DAR
6,0,DAT
6,0,DAY
6,0,DBV
6,0,DCA
6,0,DEL
6,0,DEN
6,0,DFW
6,0,DJE
6,0,DKR
6,0,DLA
6,0,DLC
6,0,DLM
6,0,DME
6,0,DMK
6,0,DMM
6,0,DNK
6,0,DOH
6,0,DOK
6,0,DOY
6,0,DPS
6,0,DRS
6,0,DRW
6,0,DSM
6,0,DSN
6,0,DTM
6,0,DTW
6,0,DUB
6,0,DUS
6,0,DWC
6,0,DXB
6,0,DYG
6,0,DYU
6,0,EBB
6,0,EBL
6,0,ECP
6,0,EDI
6,0,EIN
6,0,ELP
6,0,ELQ
6,0,EMA
6,0,ESB
6,0,EUG
6,0,EVE
6,0,EVN
6,0,EWR
6,0,EXT
6,0,EYW
6,0,EZE
6,0,FAO
6,0,FAR
6,0,FAT
6,0,FCA
6,0,FCO
6,0,FDH
6,0,FEG
6,0,FEZ
6,0,FIH
6,0,FLL
6,0,FLN
6,0,FLR
6,0,FMM
6,0,FMO
6,0,FNA
6,0,FNC
6,0,FNT
6,0,FOC
6,0,FOR
6,0,FPO
6,0,FRA
6,0,FRU
6,0,FSD
6,0,FSZ
6,0,FUE
6,0,FUG
6,0,FUK
6,0,FWA
6,0,GAU
6,0,GCI
6,0,GCM
6,0,GDL
6,0,GDN
6,0,GEG
6,0,GEO
6,0,GIG
6,0,GJT
6,0,GLA
6,0,GND
6,0,GOA
6,0,GOI
6,0,GOJ
6,0,GOT
6,0,GRO
6,0,GRR
6,0,GRU
6,0,GRZ
6,0,GSE
6,0,GSO
6,0,GSP
6,0,GTF
6,0,GUA
6,0,GUM
6,0,GVA
6,0,GWT
6,0,GYD
6,0,GYE
6,0,GYN
6,0,HAJ
6,0,HAK
6,0,HAM
6,0,HAN
6,0,HAV
6,0,HBE
6,0,HEL
6,0,HER
6,0,HET
6,0,HFE
6,0,HGH
6,0,HHN
6,0,HIA
6,0,HIJ
6,0,HKG
6,0,HKT
6,0,HLN
6,0,HMB
6,0,HMO
6,0,HND
6,0,HNL
6,0,HOG
6,0,HOU
6,0,HPN
6,0,HRB
6,0,HRE
6,0,HRG
6,0,HRK
6,0,HSV
6,0,HTA
6,0,HYD
6,0,IAD
6,0,IAH
6,0,IBZ
6,0,ICN
6,0,ICT
6,0,IDR
6,0,IFN
6,0,IKA
6,0,IKT
6,0,ILG
6,0,ILM
6,0,INC
6,0,IND
6,0,IOS
6,0,ISB
6,0,ISG
6,0,ISP
6,0,IST
6,0,ISU
6,0,ITM
6,0,IXE
6,0,JAI
6,0,JAN
6,0,JAX
6,0,JDZ
6,0,JED
6,0,JER
6,0,JFK
6,0,JGS
6,0,JHG
6,0,JIB
6,0,JIQ
6,0,JJN
6,0,JKH
6,0,JMK
6,0,JMU
6,0,JNB
6,0,JNG
6,0,JOG
6,0,JPA
6,0,JRO
6,0,JTR
6,0,JUB
6,0,JUH
6,0,JZH
6,0,KBL
6,0,KBP
6,0,KBV
6,0,KEF
6,0,KGD
6,0,KGL
6,0,KGS
6,0,KHH
6,0,KHI
6,0,KHN
6,0,KHV
6,0,KIH
6,0,KIJ
6,0,KIN
6,0,KIV
6,0,KIX
6,0,KJA
6,0,KLO
6,0,KLX
6,0,KMG
6,0,KMI
6,0,KMQ
6,0,KOA
6,0,KOJ
6,0,KOW
6,0,KRK
6,0,KRR
6,0,KRS
6,0,KRT
6,0,KTA
6,0,KTM
6,0,KTW
6,0,KUF
6,0,KUL
6,0,KUN
6,0,KWE
6,0,KWI
6,0,KWL
6,0,KZN
6,0,LAD
6,0,LAN
6,0,LAP
6,0,LAS
6,0,LAX
6,0,LBA
6,0,LBB
6,0,LBD
6,0,LBV
6,0,LCA
6,0,LCG
6,0,LCY
6,0,LED
6,0,LEI
6,0,LEJ
6,0,LEX
6,0,LFW
6,0,LGA
6,0,LGB
6,0,LGW
6,0,LHE
6,0,LHR
6,0,LHW
6,0,LIH
6,0,LIL
6,0,LIM
6,0,LIN
6,0,LIR
6,0,LIS
6,0,LIT
6,0,LJG
6,0,LJU
6,0,LKO
6,0,LLW
6,0,LNZ
6,0,LOP
6,0,LOS
6,0,LPA
6,0,LPL
6,0,LRM
6,0,LTN
6,0,LUN
6,0,LUX
6,0,LWO
6,0,LXA
6,0,LXR
6,0,LYA
6,0,LYG
6,0,LYI
6,0,LYS
6,0,LZH
6,0,LZO
6,0,MAA
6,0,MAD
6,0,MAH
6,0,MAN
6,0,MAO
6,0,MAR
6,0,MBA
6,0,MBJ
6,0,MCI
6,0,MCO
6,0,MCT
6,0,MCZ
6,0,MDC
6,0,MDE
6,0,MDG
6,0,MDT
6,0,MDW
6,0,MED
6,0,MEL
6,0,MEM
6,0,MEX
6,0,MFM
6,0,MFR
6,0,MGA
6,0,MHD
6,0,MHT
6,0,MIA
6,0,MID
6,0,MIG
6,0,MIR
6,0,MJT
6,0,MJZ
6,0,MKE
6,0,MLA
6,0,MLE
6,0,MLH
6,0,MLI
6,0,MLM
6,0,MNL
6,0,MOB
6,0,MPL
6,0,MRA
6,0,MRS
6,0,MRU
6,0,MRV
6,0,MRY
6,0,MSN
6,0,MSO
6,0,MSP
6,0,MSQ
6,0,MSY
6,0,MTY
6,0,MUC
6,0,MUX
6,0,MVD
6,0,MXP
6,0,MYJ
6,0,MYR
6,0,MZT
6,0,NAG
6,0,NAN
6,0,NAO
6,0,NAP
6,0,NAS
6,0,NAT
6,0,NAY
6,0,NBC
6,0,NBE
6,0,NBO
6,0,NCE
6,0,NCL
6,0,NDR
6,0,NGB
6,0,NGO
6,0,NIM
6,0,NJF
6,0,NKC
6,0,NKG
6,0,NMA
6,0,NNG
6,0,NRN
6,0,NRT
6,0,NSI
6,0,NSK
6,0,NTE
6,0,NTG
6,0,NUE
6,0,NYO
6,0,NZH
6,0,OAK
6,0,ODS
6,0,OGG
6,0,OKA
6,0,OKC
6,0,OKJ
6,0,OLB
6,0,OMA
6,0,OMS
6,0,ONT
6,0,OOL
6,0,OPO
6,0,ORD
6,0,ORF
6,0,ORK
6,0,ORN
6,0,ORY
6,0,OSL
6,0,OSS
6,0,OTP
6,0,OUA
6,0,OVB
6,0,OVD
6,0,PAP
6,0,PBC
6,0,PBI
6,0,PDL
6,0,PDX
6,0,PEK
6,0,PEN
6,0,PER
6,0,PEW
6,0,PFO
6,0,PHE
6,0,PHL
6,0,PHX
6,0,PIA
6,0,PIK
6,0,PIT
6,0,PLM
6,0,PLS
6,0,PMI
6,0,PMO
6,0,PNH
6,0,PNQ
6,0,PNR
6,0,PNS
6,0,POA
6,0,POM
6,0,POP
6,0,POS
6,0,POZ
6,0,PRG
6,0,PRN
6,0,PSA
6,0,PSC
6,0,PSP
6,0,PTP
6,0,PTY
6,0,PUJ
6,0,PUS
6,0,PUY
6,0,PVD
6,0,PVG
6,0,PVK
6,0,PVR
6,0,PWM
6,0,QSF
6,0,RAI
6,0,RAK
6,0,RAO
6,0,RAP
6,0,RAS
6,0,RDM
6,0,RDU
6,0,REC
6,0,REP
6,0,REU
6,0,RGN
6,0,RHO
6,0,RIC
6,0,RIX
6,0,RIY
6,0,RMQ
6,0,RNO
6,0,RNS
6,0,ROA
6,0,ROB
6,0,ROC
6,0,ROR
6,0,ROV
6,0,RPR
6,0,RSW
6,0,RTB
6,0,RTM
6,0,RUH
6,0,RYG
6,0,SAH
6,0,SAL
6,0,SAN
6,0,SAP
6,0,SAT
6,0,SAV
6,0,SAW
6,0,SBA
6,0,SBN
6,0,SCL
6,0,SCQ
6,0,SDF
6,0,SDJ
6,0,SDQ
6,0,SDR
6,0,SDU
6,0,SEA
6,0,SEN
6,0,SEZ
6,0,SFO
6,0,SGC
6,0,SGF
6,0,SGN
6,0,SHA
6,0,SHE
6,0,SHJ
6,0,SHV
6,0,SID
6,0,SIN
6,0,SJC
6,0,SJD
6,0,SJJ
6,0,SJO
6,0,SJU
6,0,SJW
6,0,SKD
6,0,SKG
6,0,SKP
6,0,SKT
6,0,SLC
6,0,SLL
6,0,SLZ
6,0,SMF
6,0,SMI
6,0,SNA
6,0,SNN
6,0,SOF
6,0,SOU
6,0,SPC
6,0,SPN
6,0,SPU
6,0,SRG
6,0,SRQ
6,0,SSA
6,0,SSG
6,0,SSH
6,0,STI
6,0,STL
6,0,STN
6,0,STR
6,0,STT
6,0,SUB
6,0,SUF
6,0,SVG
6,0,SVO
6,0,SVQ
6,0,SVX
6,0,SWA
6,0,SXB
6,0,SXF
6,0,SXM
6,0,SYD
6,0,SYR
6,0,SYX
6,0,SYZ
6,0,SZG
6,0,SZX
6,0,TAK
6,0,TAM
6,0,TAO
6,0,TAS
6,0,TBS
6,0,TBZ
6,0,TFN
6,0,TFS
6,0,TGD
6,0,TGO
6,0,TGU
6,0,TGZ
6,0,THR
6,0,TIA
6,0,TIF
6,0,TIJ
6,0,TIP
6,0,TLH
6,0,TLL
6,0,TLS
6,0,TLV
6,0,TMP
6,0,TNA
6,0,TNG
6,0,TOS
6,0,TPA
6,0,TPE
6,0,TPS
6,0,TRC
6,0,TRD
6,0,TRF
6,0,TRN
6,0,TRV
6,0,TSA
6,0,TSE
6,0,TSF
6,0,TSN
6,0,TSR
6,0,TSV
6,0,TTN
6,0,TUL
6,0,TUN
6,0,TUS
6,0,TUU
6,0,TXL
6,0,TXN
6,0,TYN
6,0,TYS
6,0,UDI
6,0,UET
6,0,UFA
6,0,UIO
6,0,ULN
6,0,UPG
6,0,URC
6,0,USM
6,0,UUD
6,0,UUS
6,0,UVF
6,0,VAR
6,0,VCE
6,0,VCP
6,0,VER
6,0,VIE
6,0,VIX
6,0,VKO
6,0,VLC
6,0,VNO
6,0,VOG
6,0,VPS
6,0,VRA
6,0,VRN
6,0,VSA
6,0,VTE
6,0,VTZ
6,0,VVI
6,0,VVO
6,0,WAW
6,0,WLG
6,0,WMI
6,0,WNZ
6,0,WRO
6,0,WUH
6,0,WUS
6,0,WUX
6,0,WXN
6,0,XFN
6,0,XIY
6,0,XMN
6,0,XNA
6,0,XNN
6,0,XRY
6,0,XUZ
6,0,YBP
6,0,YCU
6,0,YEG
6,0,YHZ
6,0,YIH
6,0,YIW
6,0,YKS
6,0,YLW
6,0,YMM
6,0,YNB
6,0,YNJ
6,0,YNT
6,0,YNZ
6,0,YOW
6,0,YQB
6,0,YQM
6,0,YQR
6,0,YTY
6,0,YTZ
6,0,YUL
6,0,YVR
6,0,YWG
6,0,YXE
6,0,YXU
6,0,YYC
6,0,YYJ
6,0,YYT
6,0,YYZ
6,0,ZAD
6,0,ZAG
6,0,ZHA
6,0,ZQN
6,0,ZRH
6,0,ZTH
6,0,ZUH
6,0,ZYI
6,1,BGY
6,1,CAG
6,1,GRO
6,1,HHN
6,1,NRN
6,1,PSR
6,1,STN
6,2,BKI
6,2,BTU
6,2,JHB
6,2,KBR
6,2,KCH
6,2,KUL
6,2,MYY
6,2,PEN
6,2,SBW
6,2,SIN
6,3,CCC
6,3,SNU
6,3,VRA
6,3,YHZ
6,3,YUL
6,3,YYZ
6,4,AKL
6,4,BNE
6,4,NAN
6,4,NOU
6,4,SYD
6,4,VLI
6,5,BVA
6,5,CRL
6,5,DUB
6,5,MAN
6,5,PUY
6,5,RYG
6,5,ZAD
6,6,ADA
6,6,ADB
6,6,AYT
6,6,ECN
6,6,ESB
6,6,IST
6,6,SAW
6,6,TZX
6,7,DME
6,7,HMA
6,7,LBD
6,7,NJC
6,7,OVB
6,7,SVX
6,7,TJM
6,8,ALA
6,8,GUW
6,8,IST
6,8,SCO
6,8,TSE
6,8,VKO
8,0,AAL
8,0,ABJ
8,0,ABQ
8,0,ABZ
8,0,ACC
8,0,ACE
8,0,ADB
8,0,ADD
8,0,ADE
8,0,ADL
8,0,AES
8,0,AGA
8,0,AGP
8,0,AJA
8,0,AKL
8,0,ALA
8,0,ALB
8,0,ALC
8,0,ALG
8,0,AMD
8,0,AMM
8,0,AMS
8,0,ANC
8,0,ANU
8,0,AQG
8,0,ARN
8,0,ASU
8,0,ATH
8,0,ATL
8,0,AUA
8,0,AUH
8,0,AUS
8,0,AWZ
8,0,AYT
8,0,BAH
8,0,BAV
8,0,BCN
8,0,BDL
8,0,BEG
8,0,BEY
8,0,BGO
8,0,BGW
8,0,BGY
8,0,BHM
8,0,BHX
8,0,BHY
8,0,BIA
8,0,BIO
8,0,BJX
8,0,BKI
8,0,BKK
8,0,BKO
8,0,BLI
8,0,BLL
8,0,BLQ
8,0,BLR
8,0,BMI
8,0,BNA
8,0,BNE
8,0,BOD
8,0,BOG
8,0,BOI
8,0,BOM
8,0,BOS
8,0,BRE
8,0,BRI
8,0,BRN
8,0,BRS
8,0,BRU
8,0,BSB
8,0,BSL
8,0,BUD
8,0,BUF
8,0,BUR
8,0,BVA
8,0,BWI
8,0,BWN
8,0,BZE
8,0,CAE
8,0,CAI
8,0,CAK
8,0,CAN
8,0,CCJ
8,0,CCS
8,0,CCU
8,0,CDG
8,0,CFU
8,0,CGD
8,0,CGK
8,0,CGN
8,0,CGO
8,0,CGQ
8,0,CHQ
8,0,CHS
8,0,CIA
8,0,CID
8,0,CIH
8,0,CJU
8,0,CKG
8,0,CLE
8,0,CLJ
8,0,CLO
8,0,CLT
8,0,CMB
8,0,CMH
8,0,CMN
8,0,CNS
8,0,CNX
8,0,COK
8,0,COS
8,0,CPH
8,0,CRL
8,0,CRW
8,0,CSX
8,0,CTA
8,0,CTS
8,0,CTU
8,0,CUN
8,0,CVG
8,0,CWL
8,0,CZM
8,0,CZX
8,0,DAC
8,0,DAD
8,0,DAL
8,0,DAR
8,0,DAY
8,0,DBV
8,0,DCA
8,0,DEL
8,0,DEN
8,0,DFW
8,0,DJE
8,0,DKR
8,0,DLC
8,0,DLM
8,0,DME
8,0,DMK
8,0,DMM
8,0,DOH
8,0,DPS
8,0,DRS
8,0,DRW
8,0,DSM
8,0,DSN
8,0,DTW
8,0,DUB
8,0,DUS
8,0,DWC
8,0,DXB
8,0,DYG
8,0,DYU
8,0,EBB
8,0,EBL
8,0,EDI
8,0,EIN
8,0,ELP
8,0,ELQ
8,0,EMA
8,0,ESB
8,0,EUG
8,0,EVN
8,0,EWR
8,0,EXT
8,0,EZE
8,0,FAO
8,0,FAR
8,0,FAT
8,0,FCO
8,0,FLL
8,0,FLR
8,0,FMO
8,0,FNC
8,0,FNT
8,0,FOC
8,0,FRA
8,0,FRU
8,0,FUE
8,0,FUK
8,0,GCM
8,0,GDL
8,0,GDN
8,0,GEG
8,0,GIG
8,0,GLA
8,0,GOA
8,0,GOI
8,0,GOT
8,0,GRO
8,0,GRR
8,0,GRU
8,0,GRZ
8,0,GSO
8,0,GSP
8,0,GUA
8,0,GUM
8,0,GVA
8,0,GYD
8,0,GYE
8,0,HAJ
8,0,HAK
8,0,HAM
8,0,HAN
8,0,HAV
8,0,HBE
8,0,HEL
8,0,HER
8,0,HET
8,0,HFE
8,0,HGH
8,0,HHN
8,0,HIA
8,0,HIJ
8,0,HKG
8,0,HKT
8,0,HND
8,0,HNL
8,0,HOU
8,0,HPN
8,0,HRB
8,0,HRG
8,0,HSV
8,0,HYD
8,0,IAD
8,0,IAH
8,0,IBZ
8,0,ICN
8,0,ICT
8,0,IFN
8,0,IKA
8,0,INC
8,0,IND
8,0,ISB
8,0,IST
8,0,IXE
8,0,JAI
8,0,JAN
8,0,JAX
8,0,JED
8,0,JER
8,0,JFK
8,0,JJN
8,0,JMK
8,0,JNB
8,0,JTR
8,0,KBP
8,0,KEF
8,0,KGL
8,0,KGS
8,0,KHH
8,0,KHI
8,0,KHN
8,0,KIJ
8,0,KIN
8,0,KIV
8,0,KIX
8,0,KJA
8,0,KLX
8,0,KMG
8,0,KMQ
8,0,KOA
8,0,KOJ
8,0,KOW
8,0,KRK
8,0,KRR
8,0,KRS
8,0,KRT
8,0,KTM
8,0,KUF
8,0,KUL
8,0,KWE
8,0,KWI
8,0,KWL
8,0,LAD
8,0,LAS
8,0,LAX
8,0,LBA
8,0,LCA
8,0,LCY
8,0,LED
8,0,LEI
8,0,LEJ
8,0,LEX
8,0,LGA
8,0,LGB
8,0,LGW
8,0,LHE
8,0,LHR
8,0,LHW
8,0,LIH
8,0,LIM
8,0,LIN
8,0,LIR
8,0,LIS
8,0,LIT
8,0,LJG
8,0,LJU
8,0,LKO
8,0,LOS
8,0,LPA
8,0,LPL
8,0,LTN
8,0,LUX
8,0,LWO
8,0,LXA
8,0,LYG
8,0,LYI
8,0,LYS
8,0,LZH
8,0,LZO
8,0,MAA
8,0,MAD
8,0,MAH
8,0,MAN
8,0,MBJ
8,0,MCI
8,0,MCO
8,0,MCT
8,0,MDE
8,0,MDT
8,0,MDW
8,0,MED
8,0,MEL
8,0,MEM
8,0,MEX
8,0,MFM
8,0,MFR
8,0,MGA
8,0,MHD
8,0,MHT
8,0,MIA
8,0,MIG
8,0,MJT
8,0,MKE
8,0,MLA
8,0,MLE
8,0,MLI
8,0,MNL
8,0,MRS
8,0,MRU
8,0,MSN
8,0,MSP
8,0,MSQ
8,0,MSY
8,0,MTY
8,0,MUC
8,0,MVD
8,0,MXP
8,0,MYR
8,0,NAP
8,0,NAS
8,0,NBE
8,0,NBO
8,0,NCE
8,0,NCL
8,0,NGB
8,0,NGO
8,0,NJF
8,0,NKG
8,0,NMA
8,0,NNG
8,0,NRT
8,0,NTE
8,0,NUE
8,0,OAK
8,0,ODS
8,0,OGG
8,0,OKA
8,0,OKC
8,0,OLB
8,0,OMA
8,0,ONT
8,0,OPO
8,0,ORD
8,0,ORF
8,0,ORK
8,0,ORN
8,0,ORY
8,0,OSL
8,0,OTP
8,0,OUA
8,0,OVB
8,0,PBI
8,0,PDX
8,0,PEK
8,0,PEN
8,0,PER
8,0,PEW
8,0,PHL
8,0,PHX
8,0,PIA
8,0,PIT
8,0,PLS
8,0,PMI
8,0,PMO
8,0,PNH
8,0,PNQ
8,0,PNS
8,0,POA
8,0,POP
8,0,POZ
8,0,PRG
8,0,PRN
8,0,PSA
8,0,PSC
8,0,PSP
8,0,PTY
8,0,PUJ
8,0,PUS
8,0,PVD
8,0,PVG
8,0,PVR
8,0,PWM
8,0,RAK
8,0,RDU
8,0,REP
8,0,RGN
8,0,RHO
8,0,RIC
8,0,RIX
8,0,RMQ
8,0,RNO
8,0,ROA
8,0,ROC
8,0,ROV
8,0,RSW
8,0,RTB
8,0,RTM
8,0,RUH
8,0,RYG
8,0,SAH
8,0,SAL
8,0,SAN
8,0,SAP
8,0,SAT
8,0,SAV
8,0,SAW
8,0,SCL
8,0,SCQ
8,0,SDF
8,0,SDJ
8,0,SDQ
8,0,SDR
8,0,SEA
8,0,SEN
8,0,SFO
8,0,SGN
8,0,SHA
8,0,SHE
8,0,SHJ
8,0,SID
8,0,SIN
8,0,SJC
8,0,SJD
8,0,SJJ
8,0,SJO
8,0,SJU
8,0,SJW
8,0,SKG
8,0,SKT
8,0,SLC
8,0,SMF
8,0,SMI
8,0,SNA
8,0,SOF
8,0,SOU
8,0,SPU
8,0,SSH
8,0,STL
8,0,STN
8,0,STR
8,0,STT
8,0,SUF
8,0,SVG
8,0,SVO
8,0,SVQ
8,0,SVX
8,0,SWA
8,0,SXB
8,0,SXF
8,0,SXM
8,0,SYD
8,0,SYR
8,0,SYX
8,0,SYZ
8,0,SZG
8,0,SZX
8,0,TAO
8,0,TAS
8,0,TBS
8,0,TBZ
8,0,TFN
8,0,TFS
8,0,TGD
8,0,TGU
8,0,THR
8,0,TIA
8,0,TIF
8,0,TIP
8,0,TLL
8,0,TLS
8,0,TLV
8,0,TNA
8,0,TNG
8,0,TOS
8,0,TPA
8,0,TPE
8,0,TRD
8,0,TRF
8,0,TRN
8,0,TRV
8,0,TSA
8,0,TSE
8,0,TSF
8,0,TSN
8,0,TTN
8,0,TUL
8,0,TUN
8,0,TUS
8,0,TXL
8,0,TXN
8,0,TYN
8,0,TYS
8,0,UFA
8,0,UIO
8,0,URC
8,0,VCE
8,0,VIE
8,0,VKO
8,0,VLC
8,0,VNO
8,0,VRN
8,0,VTE
8,0,VTZ
8,0,WAW
8,0,WMI
8,0,WNZ
8,0,WRO
8,0,WUH
8,0,WUS
8,0,WUX
8,0,WXN
8,0,XIY
8,0,XMN
8,0,XNA
8,0,XNN
8,0,XRY
8,0,XUZ
8,0,YCU
8,0,YEG
8,0,YHZ
8,0,YIH
8,0,YNB
8,0,YNT
8,0,YNZ
8,0,YOW
8,0,YQB
8,0,YQR
8,0,YTY
8,0,YUL
8,0,YVR
8,0,YWG
8,0,YXE
8,0,YYC
8,0,YYJ
8,0,YYZ
8,0,ZAG
8,0,ZHA
8,0,ZRH
8,0,ZTH
8,0,ZUH
8,0,ZYI
8,1,ADL
8,1,ASP
8,1,BNE
8,1,CNS
8,1,DRW
8,1,MEL
8,1,PER
8,1,SYD
8,2,BPN
8,2,CGK
8,2,DPS
8,2,JOG
8,2,KUL
8,2,LOP
8,2,SIN
8,2,SUB
8,2,UPG
8,3,BSB
8,3,CNF
8,3,FOR
8,3,GIG
8,3,GRU
8,3,LIS
8,3,MIA
8,3,NAT
8,3,REC
8,3,SSA
8,3,VCP
8,4,AHB
8,4,CAI
8,4,DMM
8,4,DXB
8,4,JED
8,4,MED
8,4,RUH
8,4,TUU
8,5,ABJ
8,5,CDG
8,5,CMN
8,5,COO
8,5,DLA
8,5,LBV
8,5,LFW
8,5,LOS
8,6,IKT
8,6,KHV
8,6,KJA
8,6,OVB
8,6,PEK
8,6,SVO
8,6,UUD
8,6,YKS
