method,n_nodes_scored,NMI_country,ARI_country,purity_country,purity_country_shuffled_null,NMI_continent,ARI_continent,purity_continent,purity_continent_shuffled_null
Leiden,3262,0.6329879947714103,0.3010384110442459,0.441140404659718,0.17175965665236048,0.7168621686831717,0.5682184711572621,0.8795217657878602,0.301023911710607
Louvain,3262,0.6355914363325954,0.2998991389682835,0.44635193133047213,0.17196198651134276,0.7092960710452229,0.5668389190360769,0.8779889638258737,0.3015757204169221
"CPM k=3 (hardened, covered nodes only)",2362,0.25517932301758034,-0.011228564824785153,0.2849280270956816,0.20260795935647757,0.21068393165255372,0.019369936711212305,0.43903471634208296,0.3299491955969517
  Leiden restricted to same nodes as CPM k=3,2362,0.6265976080133278,0.2835548338822225,0.42887383573243015,0.1610414902624894,0.723467811440476,0.5761961203923174,0.8763759525825572,0.3008890770533446
"CPM k=4 (hardened, covered nodes only)",1529,0.18874651123916006,0.003191082420530026,0.2380640941792021,0.1712230215827338,0.1869699907770204,0.037648733554518976,0.40614780902550685,0.3320863309352518
  Leiden restricted to same nodes as CPM k=4,1529,0.6050548499106075,0.3000277952764042,0.40091563113145845,0.15005886200130805,0.7372065069921768,0.6258420489956397,0.8731196860693263,0.3139175931981687
"CPM k=5 (hardened, covered nodes only)",1117,0.11284847631769879,0.0070422309694029225,0.19695613249776187,0.1647269471799463,0.11590523763239367,0.02481838042182384,0.35810205908683973,0.3296687555953447
  Leiden restricted to same nodes as CPM k=5,1117,0.5939404081938777,0.3189871236986612,0.39928379588182633,0.15724261414503135,0.752364986426684,0.6762461951383048,0.873769024171889,0.3247806624888094
"CPM k=6 (hardened, covered nodes only)",881,0.05096609718539736,0.0038412591634495617,0.19409761634506242,0.17990919409761638,0.0349802226132635,-0.002830928008739126,0.322360953461975,0.3222020431328037
  Leiden restricted to same nodes as CPM k=6,881,0.5916135966561102,0.34621392775373944,0.4188422247446084,0.17888762769580022,0.7617324309405532,0.7070623259210537,0.8853575482406356,0.33060158910329174
"CPM k=8 (hardened, covered nodes only)",593,0.08676921972962187,0.008946946883597361,0.23102866779089376,0.2049915682967959,0.10013455617316902,0.019057740049624912,0.3456998313659359,0.33588532883642486
  Leiden restricted to same nodes as CPM k=8,593,0.5920802876366085,0.3723878787369571,0.43676222596964587,0.2060033726812816,0.7771263925782602,0.7399696516127611,0.9139966273187183,0.3495784148397976
