community,size,top_country,country_purity,top_continent,continent_purity,conductance,top_hubs,n_intra_route_rows,share_Star Alliance,share_oneworld,share_SkyTeam,share_None,dominant_alliance,dominant_enrichment_vs_global
0,672,United States,0.6165413533834586,North America,0.956390977443609,0.0940959409594096,ATL ORD DFW DEN IAH,14874,0.16290170767782708,0.26791717090224554,0.19208013984133387,0.3771009815785935,oneworld,1.7083980414275504
1,510,India,0.14285714285714285,Asia,0.5372233400402414,0.22185837085550553,IST DXB DOH JED SAW,6390,0.2,0.07715179968701096,0.09890453834115806,0.6239436619718309,Star Alliance,1.1605831903945112
2,509,France,0.1067193675889328,Europe,0.8873517786561265,0.13228125258200446,AMS FRA CDG MUC LHR,16401,0.1316992866288641,0.12066337418450095,0.08194622279129321,0.6656911163953417,Star Alliance,0.7642398912420414
3,493,China,0.36099585062240663,Asia,0.9896265560165975,0.09735634003482665,PEK PVG CAN HKG ICN,13157,0.2258113551721517,0.062400243216538726,0.29163183096450557,0.420156570646804,SkyTeam,1.8186537278083297
4,284,Brazil,0.44765342960288806,South America,1.0,0.1354679802955665,GRU BOG LIM VCP GIG,2244,0.07932263814616755,0.22905525846702318,0.07887700534759358,0.6127450980392157,oneworld,1.4605915463571504
5,276,Australia,0.4216417910447761,Oceania,0.9888059701492538,0.10103420843277645,SYD BNE MEL AKL PER,1644,0.12165450121654502,0.23114355231143552,0.00851581508515815,0.6386861313868614,oneworld,1.473907740693276
6,185,Russia,0.6187845303867403,Asia,0.6408839779005525,0.29185185185185186,DME SVO LED VKO SVX,2013,0.003477396920019871,0.08693492300049677,0.12816691505216096,0.7814207650273224,SkyTeam,0.7992654199317342
7,183,United States,1.0,North America,1.0,0.022222222222222223,ANC BET FAI JNU OME,634,0.0,0.11356466876971609,0.00473186119873817,0.8817034700315457,oneworld,0.7241553687962049
8,103,Canada,1.0,North America,1.0,0.11891891891891893,YQB YZF YYR YRT YZV,423,0.03309692671394799,0.0,0.0,0.966903073286052,Star Alliance,0.1920586839896354
9,52,Greenland,0.8333333333333334,North America,0.8333333333333334,0.014084507042253521,JUV GOH JJU SFJ UMD,132,0.0,0.0,0.0,1.0,None,
10,36,Canada,1.0,North America,1.0,0.08029197080291971,YXL YQT YRL YPM YTS,105,0.0,0.0,0.0,1.0,None,
11,28,Norway,1.0,Europe,1.0,0.18120805369127516,TOS BOO HFT VDS ALF,116,0.0603448275862069,0.0,0.0,0.9396551724137931,Star Alliance,0.35017596261903355
12,17,Panama,1.0,North America,1.0,0.043478260869565216,PAC BOC ACU OGM SAX,25,0.0,0.0,0.0,1.0,None,
13,12,Belize,1.0,North America,1.0,0.14285714285714285,SPR TZA BCV DGA PLJ,50,0.0,0.0,0.0,1.0,None,
14,10,New Caledonia,1.0,Oceania,1.0,0.0,GEA LIF BMY KOC TGJ,23,0.0,0.0,0.0,1.0,None,
15,10,Kenya,1.0,Africa,1.0,0.1111111111111111,WIL MYD NYK LAU MRE,40,0.0,0.0,0.0,1.0,None,
16,9,Congo (Kinshasa),1.0,Africa,1.0,0.09090909090909091,GOM BKY BUX FKI KND,14,0.0,0.0,0.0,1.0,None,
17,8,Canada,0.6666666666666666,North America,1.0,0.06666666666666667,LKE YWH DHB RCE WSX,14,0.0,0.0,0.0,1.0,None,
18,7,United Kingdom,1.0,Europe,1.0,0.18518518518518517,KOI NRL NDY PPW EOI,20,0.0,0.0,0.0,1.0,None,
19,4,Namibia,1.0,Africa,1.0,0.0,ERS MPA NDU OND,8,0.0,0.0,0.0,1.0,None,
20,4,United States,1.0,North America,1.0,0.0,BFI ESD FRD CLM,5,0.0,0.0,0.0,1.0,None,
21,4,United States,1.0,North America,1.0,0.0,DUT AKB IKO KQA,6,0.0,0.0,0.0,1.0,None,
22,3,Israel,1.0,Asia,1.0,0.14285714285714285,ETH HFA SDV,8,0.0,0.0,0.0,1.0,None,
23,2,United States,1.0,North America,1.0,0.0,CKX TKJ,2,0.0,0.0,0.0,1.0,None,
24,2,,,,,0.0,BLD GCW,2,0.0,0.0,0.0,1.0,None,
25,2,Virgin Islands,1.0,North America,1.0,0.0,SPB SSB,2,0.0,0.0,0.0,1.0,None,
