node,community
AAE,0
ALG,0
CDG,0
IST,1
LYS,0
MRS,0
ORN,0
ORY,0
AAL,0
AAR,0
AGP,0
ALC,0
AMS,0
ARN,0
BCN,0
BLL,0
CPH,0
LGW,0
OSL,0
PMI,0
SVG,0
AAN,1
CCJ,1
PEW,1
AAQ,2
DME,2
LED,2
SVO,2
BMA,0
GOT,0
STN,0
AAT,3
URC,3
AAX,4
POJ,4
AAY,1
SAH,1
ABA,2
IKT,2
NSK,2
ABB,1
ABV,1
LOS,1
ABD,1
MHD,1
SYZ,1
THR,1
ABE,5
ATL,5
CLT,5
DTW,5
MYR,5
ORD,5
PGD,5
PHL,5
PIE,5
SFB,5
ABI,5
DFW,5
ABJ,1
ACC,1
BKO,1
BOY,1
BRU,0
CKY,1
CMN,0
COO,1
DKR,1
DLA,1
FNA,1
LBV,1
LFW,1
NBO,1
OUA,1
ROB,1
TUN,0
ABL,6
OTZ,6
SHG,6
ABM,7
CNS,7
ABQ,5
BWI,5
CNM,5
DAL,5
DEN,5
HOU,5
IAH,5
JFK,5
LAM,5
LAS,5
LAX,5
MCI,5
MDW,5
MSP,5
OAK,5
PDX,5
PHX,5
SAN,5
SEA,5
SFO,5
SLC,5
ABR,5
ABS,1
ASW,1
ABT,1
DMM,1
JED,1
RUH,1
ADD,1
BNI,1
CAI,1
CBQ,1
ENU,1
FRA,0
GMO,1
IBA,1
ILR,1
KAN,1
LHR,0
NDJ,1
NIM,1
PHC,1
QOW,1
QRW,1
SKO,1
SSG,1
YOL,1
ABX,7
MEL,7
SYD,7
ABY,5
ABZ,0
BGO,0
BHD,0
BHX,0
BRS,0
DUB,0
EBJ,0
EMA,0
HUY,0
KOI,8
KSU,0
LBA,0
LCY,0
LSI,0
LTN,0
MAN,0
MME,0
NCL,0
NWI,0
RIX,0
SYY,0
WIC,0
ACA,5
MEX,5
MTY,5
TIJ,5
TLC,5
BEY,1
DXB,1
FCO,0
JNB,1
KMS,1
LIS,0
MAD,0
MLW,1
NYI,1
TKD,1
TML,1
WDH,1
ACE,0
BFS,0
BGY,0
BIO,0
BLK,0
BLQ,0
BOH,0
BRE,0
BVA,0
CGN,0
CRL,0
DUS,0
EDI,0
EIN,0
FKB,0
FUE,0
GLA,0
HAJ,0
HAM,0
HHN,0
LEJ,0
LPA,0
LPL,0
LUX,0
MUC,0
NOC,0
NRN,0
ORK,0
OVD,0
PAD,0
PIK,0
SCQ,0
SDR,0
SNN,0
STR,0
SVQ,0
SXF,0
TFN,0
TXL,0
ZAZ,0
ZRH,0
ACH,0
EBA,0
VIE,0
ACI,0
GCI,0
SOU,0
ACK,5
BOS,5
EWB,5
HPN,5
HYA,5
MVY,5
TEB,5
ACR,4
LCR,4
SVI,4
ACT,5
ACU,9
PAC,9
ACV,5
CEC,5
SMF,5
ACX,3
CAN,3
CKG,3
KWE,3
NAY,3
PVG,3
ACY,5
FLL,5
MCO,5
RSW,5
TPA,5
ACZ,1
ADA,1
ADB,0
AYT,0
EBL,1
ECN,1
ESB,1
SAW,0
TZX,1
VAN,1
ASR,0
ATH,0
BSL,0
DIY,1
DTM,0
EZS,1
GNY,1
GZT,1
HEL,0
HTY,1
MQM,1
NTE,0
SXB,0
VAS,0
AMH,1
ASO,1
AXU,1
BAH,1
BJR,1
BKK,3
BOM,1
DAR,1
DEL,1
DIR,1
DOH,1
EBB,1
FBM,1
FIH,1
GDQ,1
GMB,1
HGA,1
HKG,3
HRE,1
JIB,1
JIJ,1
JIM,1
JRO,1
JUB,1
KGL,1
KRT,1
KWI,1
LAD,1
LLW,1
LUN,1
MBA,1
MCT,1
MPM,1
MQX,1
PEK,3
PNR,1
SZE,1
TLV,0
ADE,1
AHB,1
AMM,1
ASM,1
AUH,1
BBO,1
GXF,1
MGQ,1
RIY,1
SHJ,1
ADF,1
ADK,6
ANC,6
ADL,7
AKL,7
ASP,7
BHQ,7
BNE,7
CBR,7
CED,7
CPD,7
DPS,3
DRW,7
KGC,7
KGI,7
KUL,3
MGB,7
MQL,7
OLP,7
OOL,3
PER,7
PLO,7
PUG,7
SIN,3
WYA,7
ADQ,6
AKK,6
AOS,6
KKB,6
KLN,6
KOZ,6
OLH,6
ORI,6
ADU,1
ADZ,4
BAQ,4
BOG,4
CLO,4
CTG,5
MDE,4
PEI,4
PTY,5
PVA,4
AEB,3
KWL,3
AEP,4
AFA,4
ASU,4
BHI,4
BRC,4
COR,4
CPC,4
CRD,4
CTC,4
CWB,4
EQS,4
FLN,4
FMA,4
FTE,4
GIG,4
GRU,4
IGR,4
IRJ,4
JUJ,4
LUQ,4
MDQ,4
MDZ,4
MVD,4
NQN,4
PDP,4
PMY,4
POA,4
PRA,4
PSS,4
REL,4
RES,4
RGA,4
RGL,4
RHD,4
ROS,4
RSA,4
SCL,4
SDE,4
SFN,4
SLA,4
TUC,4
UAQ,4
USH,4
VDM,4
AER,2
DYU,2
EVN,2
KIV,0
KJA,2
KRR,2
KZN,2
LBD,2
MSQ,2
OMS,2
SVX,2
TAS,2
VKO,2
AES,0
GDN,0
TRD,0
VNO,0
AET,6
BTT,6
FAI,6
HUS,6
AEX,5
AEY,10
RKV,10
AFL,4
CGB,4
AFZ,1
AGA,0
EUN,0
LIL,0
VIL,0
AGB,0
AGF,0
DCM,0
AGH,0
AGM,10
IOQ,10
KUS,10
KUZ,10
SGG,10
TQI,10
AGN,6
TKE,6
BOD,0
BTS,0
BUD,0
BVE,0
CIA,0
CWL,0
EXT,0
FMM,0
FMO,0
GSE,0
GVA,0
HAU,0
IBZ,0
KRK,0
MLN,0
MMX,0
MXP,0
NUE,0
NYO,0
PRG,0
RTM,0
RYG,0
SEN,0
SOF,0
TLS,0
TMP,0
TRF,0
TSF,0
VLC,0
VST,0
WAW,0
WRO,0
YUL,5
AGR,1
HJR,1
AGS,5
DCA,5
AGT,4
AGU,5
CUN,5
AGX,1
COK,1
MED,1
TIF,1
TUU,1
AHE,11
PPT,11
XMH,11
AHN,5
BNA,5
AHO,0
AOI,0
CUF,0
GRO,0
LIN,0
OTP,0
PMF,0
PSA,0
TRN,0
TRS,0
AHU,0
AIA,5
CDR,5
AIN,6
ATK,6
BRW,6
AIT,7
AIU,7
RAR,7
AJA,0
AVN,0
BES,0
CFR,0
LGG,0
MPL,0
NCE,0
OLB,0
PIS,0
AJF,1
AJI,1
AJL,1
CCU,1
GAU,1
IMF,1
AJR,0
LYC,0
AJU,4
BSB,4
MCZ,4
REC,4
SDU,4
SSA,4
VCP,4
AKB,12
DUT,12
AKF,1
BEN,1
TIP,1
AKI,6
KKI,6
TLT,6
AKJ,3
HND,3
NGO,3
TPE,3
APW,7
BHE,7
CHC,7
DUD,7
GIS,7
HLZ,7
ICN,3
KAT,7
KKE,7
NAN,7
NOU,7
NPE,7
NPL,7
NRT,3
NSN,7
PMR,7
PPQ,7
ROT,7
TBU,7
TRG,7
TUO,7
VLI,7
WAG,7
WHK,7
WLG,7
WRE,7
ZQN,7
AKN,6
DLG,6
KCG,6
KLL,6
PIP,6
WSN,6
AKP,6
AKU,3
CTU,3
AKV,13
YIK,13
YPX,13
AKX,2
ALA,2
SCO,2
TSE,2
AKY,3
RGN,3
SNW,3
CIT,2
DMB,2
DZN,2
FRU,2
GUW,2
GYD,2
IKA,1
KBP,0
KGF,2
KOV,2
KSN,2
KUF,2
KZO,2
OVB,2
PLX,2
PPK,2
PWQ,2
SGN,3
TBS,2
UKK,2
ALB,5
CLE,5
EWR,5
IAD,5
MSS,5
OGS,5
EVE,14
KEF,0
KIR,0
KRS,0
KSD,0
KTW,0
KUN,0
MOL,0
MST,0
OUL,0
TFS,0
TKU,0
TOS,14
UME,0
VXO,0
WMI,0
ALF,14
HFT,14
KKN,14
LKL,14
SOJ,14
VDS,14
AZR,0
BJA,0
BLJ,0
BSK,0
CZL,0
DJG,0
EBH,0
ELU,0
ETZ,0
GHA,0
HME,0
HRM,0
INZ,0
MLA,0
MLH,0
MUW,0
MZW,0
OGX,0
QSF,0
TEE,0
TGR,0
TID,0
TLM,0
ALH,7
BQB,7
ALO,5
ALS,5
FMN,5
ALW,5
AMA,5
AMD,1
BLR,1
DWC,2
GOI,1
HYD,1
JAI,1
MAA,1
PNQ,1
AQJ,1
BGW,1
BSR,1
HBE,1
HOD,1
ISU,1
LCA,0
MRA,1
OSM,1
SSH,1
AMQ,3
CGK,3
FKQ,3
LUV,3
MKW,3
NBX,3
SOQ,3
SUB,3
SXK,3
UPG,3
AUA,5
BEG,0
BJV,0
BON,5
BRI,0
BRN,0
CFE,0
CFU,0
CHQ,0
CPT,1
CTA,0
CUR,5
DBV,0
DLM,0
EZE,4
FAO,0
FLR,0
FNC,0
FUK,3
HAV,5
HER,0
HGH,3
HOG,5
INN,0
INV,0
JER,0
JKH,0
JMK,0
JTR,0
KGS,0
KIT,0
KIX,3
KYA,0
LIM,4
LJU,0
LPI,0
NAP,0
NDR,0
OPO,0
PBM,5
PDL,0
PFO,0
PMO,0
POP,5
PUJ,5
PVK,0
RAK,0
RHO,0
SKG,0
SMI,0
SPC,0
SUF,0
SXM,5
TLL,0
TNG,0
UIO,4
VCE,0
VRA,5
VRN,0
VXE,0
XMN,3
YVR,5
YYC,5
YYZ,5
ZAG,0
ZTH,0
ANI,6
BET,6
CDB,6
CDV,6
ENA,6
HNL,5
HOM,6
ILI,6
JNU,6
KSM,6
MCG,6
OME,6
SCC,6
SDP,6
SNP,6
STG,6
UNK,6
VDZ,6
ANF,4
CJC,4
IQQ,4
LSC,4
ANG,0
FSC,0
CHU,6
HCR,6
KLG,6
RSH,6
SHX,6
ANM,1
TMM,1
TNR,1
WMN,1
ANR,0
ANS,4
ANU,5
AXA,5
BGI,5
DOM,5
KIN,5
MIA,5
NEV,5
PTP,5
SBH,5
SDQ,5
SJU,5
SKB,5
SLU,5
TAB,5
UVF,5
ANV,6
KGX,6
ANX,14
BOO,14
AOE,0
AOG,3
TPS,0
AOJ,3
CTS,3
ITM,3
NKM,3
AOK,0
KSJ,0
AOO,5
JST,5
AOQ,10
JUV,10
AOR,3
SZB,3
KZB,6
APF,5
APL,1
BEW,1
POL,1
TET,1
VXC,1
APN,5
APO,4
EOH,4
AQA,4
AQG,3
HAK,3
SHA,3
WUH,3
AQI,1
AQP,4
CUZ,4
JUL,4
LPB,4
TCQ,4
ARC,6
VEE,6
ARH,2
CSH,2
MMK,2
NNM,2
USK,2
ARI,4
ARK,1
ZNZ,1
ARM,7
EVG,0
GEV,0
HAD,0
HFS,0
JKG,0
KID,0
KLR,0
KLX,0
KRF,0
KRN,0
LLA,0
MHQ,0
MXX,0
OER,0
OSD,0
POR,0
PUY,0
RNB,0
SDL,0
SFT,0
SJJ,0
SPU,0
VAA,0
VBY,0
VHM,0
ART,5
ARU,4
ARW,0
ASB,2
ATQ,1
ASE,5
ASF,2
MRV,2
ASJ,3
AYQ,7
VVI,4
ASV,15
WIL,15
ATA,4
ATC,5
NAS,5
TBI,5
ATD,7
HIR,7
AXD,0
EFL,0
IEV,0
IOA,0
JIK,0
JKL,0
JNX,0
JSH,0
JSI,0
JSY,0
JTY,0
KSO,0
KVA,0
KZI,0
LRS,0
LXS,0
MJT,0
MLO,0
PAS,0
SKU,0
TIA,0
ATW,5
AUS,5
AVL,5
AVP,5
AZO,5
BDA,5
BDL,5
BHM,5
BJX,5
BMI,5
BQK,5
BTR,5
BTV,5
BUF,5
BZE,5
CAE,5
CAK,5
CCS,5
CHA,5
CHO,5
CHS,5
CID,5
CMH,5
COS,5
CRW,5
CSG,5
CVG,5
CZM,5
DAB,5
DAY,5
DHN,5
DSM,5
ECP,5
ELP,5
EVV,5
EWN,5
EYW,5
FAR,5
FAY,5
FNT,5
FPO,5
FSD,5
FSM,5
FWA,5
GCM,5
GDL,5
GGT,5
GNV,5
GPT,5
GRB,5
GRK,5
GRR,5
GSO,5
GSP,5
GTR,5
GUA,5
HSV,5
ICT,5
ILM,5
IND,5
JAN,5
JAX,5
LAN,5
LEX,5
LFT,5
LGA,5
LIR,5
LIT,5
LWB,5
MBJ,5
MBS,5
MCN,5
MDT,5
MEI,5
MEM,5
MGA,5
MGM,5
MHT,5
MKE,5
MLB,5
MLI,5
MLU,5
MOB,5
MSL,5
MSN,5
MSY,5
OAJ,5
OKC,5
OMA,5
ORF,5
PAP,5
PBI,5
PHF,5
PIA,5
PIB,5
PIT,5
PLS,5
PNS,5
PVD,5
PVR,5
PWM,5
RDU,5
RIC,5
ROA,5
ROC,5
RTB,5
SAL,5
SAP,5
SAT,5
SAV,5
SBN,5
SDF,5
SGF,5
SHV,5
SJC,5
SJD,5
SJO,5
SNA,5
SRQ,5
STL,5
STT,5
SYR,5
TGU,5
TLH,5
TRI,5
TTN,5
TUL,5
TUP,5
TUS,5
TYS,5
VLD,5
VPS,5
XNA,5
ATM,4
BEL,4
ORX,4
STM,4
SXR,1
ATT,6
KUK,6
AZA,5
ATY,5
PIR,5
ATZ,1
JBQ,5
LRM,5
LSP,5
MAR,5
VLN,5
AUC,4
AUG,5
CMB,1
DAC,1
HKT,3
ISB,1
KHI,1
KIH,1
KTM,1
LHE,1
MLE,1
MNL,3
RYK,1
SEZ,1
TRV,1
ZYL,1
AUK,6
EMK,6
SXP,6
AUQ,11
NHV,11
UAH,11
UAP,11
AUR,0
HRL,5
LBB,5
LGB,5
AUU,7
CUQ,7
AUX,4
MAB,4
PMW,4
AUY,7
TAH,7
AVA,3
LIG,0
AVV,7
AWD,7
FTA,7
AWZ,1
BND,1
IFN,1
PGU,1
RAS,1
SRY,1
TBZ,1
AXK,1
AXM,4
AXP,5
CRI,5
AXR,11
KKR,11
AXT,3
LLI,1
AYP,4
DRS,0
ERF,0
FDH,0
GRQ,0
GRZ,0
KSF,0
LNZ,0
RLG,0
ROV,2
SZG,0
ZQW,0
BIL,5
BIS,5
BLI,5
BZN,5
DLH,5
EUG,5
GFK,5
GRI,5
GTF,5
IDA,5
MOT,5
MSO,5
OGD,5
PSC,5
PVU,5
RAP,5
RFD,5
RST,5
STC,5
AZD,1
AZI,1
FJR,1
XSB,1
ZDY,1
AZN,2
BMW,0
AZS,5
IXE,1
NJF,1
SKT,1
BAL,1
BAV,3
CGO,3
CIF,3
CSX,3
NKG,3
SHE,3
SJW,3
TSN,3
TYN,3
XIY,3
BAX,2
BAY,0
BAZ,4
MAO,4
BBA,4
PMC,4
PUQ,4
BBI,1
IXZ,1
VTZ,1
BBK,1
GBE,1
MUB,1
BBN,3
MUR,3
MYY,3
BSA,1
BCD,3
CEB,3
CGY,3
DVO,3
BCI,7
LRE,7
BJL,1
BJZ,0
CLJ,0
EAS,0
FEZ,0
GOA,0
GRX,0
LCG,0
LEI,0
LEN,0
MAH,0
POZ,0
RGS,0
RNS,0
SLM,0
TSR,0
VGO,0
VLL,0
XRY,0
BCV,16
CUK,16
SPR,16
SQS,16
TZA,16
BDB,7
BDH,1
BDJ,3
BDO,3
BPN,3
JOG,3
KBU,3
PKN,3
SRG,3
BTH,3
JHB,3
PKU,3
BDP,1
BDQ,1
BDS,0
BDU,0
BEB,0
BNX,0
SKP,0
TGD,0
TIV,0
VAR,0
BEJ,3
BVS,4
CAY,5
CKS,4
CNF,4
FOR,4
IMP,4
MCP,4
MEU,4
SLZ,4
SFA,1
BIA,0
CYF,6
EEK,6
GNU,6
HPB,6
KKH,6
KPN,6
KWK,6
KWN,6
KWT,6
MLL,6
NME,6
OOK,6
PQS,6
VAK,6
WNA,6
WTL,6
BEU,7
BQL,7
BVI,7
UEL,1
BFD,5
JHW,5
BFF,5
BFI,17
CLM,17
ESD,17
BFJ,3
KMG,3
SZX,3
BFL,5
BFN,1
DUR,1
BFQ,9
JQE,9
MJV,0
NBE,0
REU,0
BFV,3
DMK,3
BGA,4
BGF,1
NSI,1
BGG,1
FDF,5
GND,5
OGL,5
POS,5
SVD,5
BGM,5
BNN,0
FAE,0
FDE,0
FRO,0
HOV,0
SKE,0
SOG,0
BGR,5
CAG,0
CRA,0
LBC,0
LDE,0
LPP,0
LWO,0
OMO,0
PSR,0
BHB,5
IOM,0
BHH,1
BHJ,1
BHK,2
BHO,1
DBO,7
BHR,1
BHS,7
PKE,7
BHU,1
BHV,1
BVC,0
BZG,0
GIB,0
HRG,0
LDY,0
WAT,0
BHY,3
LYA,3
EBU,0
BIK,3
DJJ,3
GDV,5
GGW,5
HVR,5
OLF,5
SDY,5
BIM,5
BIQ,0
BIR,1
BJB,1
BJF,14
BVG,14
MEH,14
VAW,14
BJI,5
OXB,1
RAI,1
BJM,1
BKC,6
DRG,6
BKG,5
BKI,3
BTU,3
BWN,3
KBR,3
KCH,3
KUD,3
LBU,3
LDU,3
LWY,3
MZV,3
PEN,3
PPS,3
SBW,3
SDK,3
TWU,3
CEI,3
CGP,1
CNX,3
CRK,3
FOC,3
HAN,3
HDY,3
IXB,1
KBV,3
KHH,3
KKC,3
LPQ,3
LPT,3
MDL,3
MFM,3
NGB,3
NNG,3
NYT,3
PNH,3
PUS,3
REP,3
SWA,3
TAO,3
TDX,3
THS,3
TNA,3
UBP,3
ULN,3
URT,3
USM,3
UTH,3
VTE,3
ZVK,3
BKM,3
NKC,1
BKQ,7
BKS,3
BKW,5
SHD,5
BKY,18
KND,18
KOO,18
BKZ,1
MWZ,1
BLA,5
PMV,5
PZO,5
BLD,19
GCW,19
BLE,0
ORB,0
PSP,5
CCF,0
ZAD,0
IAS,0
CJB,1
HBX,1
IDR,1
IXG,1
LKO,1
MYQ,1
NAG,1
VGA,1
BLV,5
BLZ,1
THN,0
BME,7
KNX,7
KTA,7
PHE,7
BMU,3
LOP,3
BMV,3
DAD,3
VII,3
BMY,20
GEA,20
KOC,20
MKL,5
BNB,1
MDK,1
BNC,18
BUX,18
GOM,18
ZBR,1
CNJ,7
CTL,7
EMD,7
GLT,7
HBA,7
HTI,7
HVB,7
INU,7
ISA,7
LDH,7
LST,7
MKY,7
MOV,7
NLK,7
NTL,7
POM,7
PPP,7
PQQ,7
RMA,7
ROK,7
SON,7
TSV,7
TWB,7
ZBL,7
BNK,7
MQN,14
SSJ,0
BNS,5
BNY,7
RNL,7
BOB,11
HUH,11
MAU,11
MOZ,11
RFP,11
RGI,11
TIH,11
BOC,9
CLY,0
BUN,4
CUC,4
CZU,4
EJA,4
EYP,4
FLA,4
GYE,4
IBE,4
IPI,4
LET,4
MTR,4
MVP,4
MZL,4
NVA,4
PCR,4
PDA,4
PPN,4
PSO,4
PUU,4
RCH,4
RVE,4
SJE,4
SMR,4
TME,4
UIB,4
VGZ,4
VUP,4
VVC,4
BOI,5
GEG,5
LWS,5
BOJ,0
DIU,1
GWL,1
IXC,1
IXD,1
IXJ,1
IXU,1
JDH,1
JGA,1
JLR,1
MRU,1
PAT,1
RAJ,1
RPR,1
STV,1
UDR,1
VNS,1
LKN,14
MJF,14
NVK,14
RET,14
SKN,14
SVJ,14
ISP,5
LEB,5
PBG,5
PQI,5
PVC,5
RKD,5
RUT,5
SLK,5
STI,5
YHZ,5
YOW,5
YTZ,5
BPL,3
MDC,3
PLW,3
TRK,3
BPS,4
CGH,4
BPT,5
BPX,3
LXA,3
BQN,5
BQS,2
HTA,2
KHV,2
VVO,2
YKS,2
BRA,4
BRD,5
INL,5
BZR,0
BRL,5
BRM,5
BRO,5
BRQ,0
BRR,0
CEG,0
EGC,0
RZE,0
DJE,0
MIR,0
OUD,0
NUI,6
PIZ,6
GLK,1
CGR,4
GYN,4
IOS,4
JDO,4
JPA,4
NAT,4
OPS,4
PNZ,4
PVH,4
RAO,4
RBR,4
SJP,4
THE,4
UDI,4
VIX,4
BSC,4
BSD,3
BSG,1
PRN,0
BSO,3
BTC,1
GIU,1
DJB,3
NTX,3
PDG,3
PGK,3
PLM,3
PNK,3
TKG,3
BTI,6
FYU,6
BTJ,3
BTK,2
BTM,5
KSC,0
CXF,6
BUA,7
LNV,7
RAB,7
BUC,7
DMD,7
ONG,7
BUL,7
BUQ,1
VFA,1
BUR,5
IPL,5
BUS,2
DNK,2
BUW,3
IRP,18
BUZ,1
RBA,0
TGM,0
BVB,4
SID,0
BVH,4
WNR,7
BVV,2
UUS,2
BWA,1
BWK,0
BWT,7
KNS,7
BXB,3
BXR,1
BXU,3
BYC,4
SRZ,4
TJA,4
BYN,3
LTI,3
BYO,4
DGA,16
FRS,5
MID,5
PLJ,16
BZL,1
BZO,0
BZV,1
OLL,1
CAB,1
SZA,1
CAC,4
PEG,0
CAH,3
ELQ,1
HMB,1
LXR,1
PZU,1
RMF,0
TAI,1
YNB,1
CAJ,5
CAL,0
CGD,3
CGQ,3
CIH,3
CZX,3
DAX,3
DIG,3
DLC,3
DOY,3
DYG,3
FUG,3
GYS,3
HDG,3
HET,3
HFE,3
HIA,3
HJJ,3
HRB,3
HYN,3
HZH,3
JDZ,3
JGS,3
JIQ,3
JIU,3
JJN,3
JNG,3
JUH,3
JZH,3
KHN,3
KOW,3
LHW,3
LJG,3
LLB,3
LUM,3
LYG,3
LYI,3
LZH,3
LZO,3
MIG,3
MXZ,3
NAO,3
NNY,3
NTG,3
RMQ,3
SPN,3
SYX,3
TEN,3
TVS,3
TXN,3
WEF,3
WNZ,3
WUS,3
WUX,3
WXN,3
XFN,3
XUZ,3
YBP,3
YCU,3
YIH,3
YIW,3
YNT,3
YNZ,3
YTY,3
ZHA,3
ZYI,3
CAP,5
CAW,4
MEA,4
CBB,4
CIJ,4
SRE,4
TDD,4
CBH,0
CBO,3
CBS,5
CBT,1
VPE,1
CCC,5
SLL,1
CCK,7
XCH,7
CCM,4
CCP,4
ZAL,4
ZCO,4
CUM,5
CZE,5
LFR,5
MRD,5
MUN,5
PYH,5
SOM,5
STD,5
SVZ,5
VIG,5
VLV,5
DIB,1
DMU,1
IXA,1
IXR,1
IXS,1
PBH,1
SHL,1
CCV,7
LNB,7
NUS,7
ULB,7
KFP,6
KVC,6
NLG,6
CDC,5
OSR,0
PUF,0
RUN,1
UGC,2
YQB,13
CDJ,4
CMP,4
YAK,6
CGM,3
DGT,3
DPL,3
GES,3
IAO,3
ILO,3
KLO,3
LGP,3
MPH,3
OZC,3
PAG,3
SUG,3
TAC,3
USU,3
ZAM,3
CEE,2
KGD,2
VUS,2
CEK,2
NMA,2
OSS,2
CEM,6
IRC,6
CEN,5
HMO,5
CEZ,5
CFB,4
PLU,4
CFC,4
JCB,4
CFK,0
CFN,0
CFS,7
CGA,6
HYL,6
KLW,6
KTN,6
JPR,4
LDB,4
MGF,4
OAL,4
ROO,4
CLV,4
CXJ,4
IGU,4
JOI,4
JTC,4
NVT,4
PPB,4
CGI,5
KDI,3
MLG,3
PKY,3
SOC,3
TJQ,3
TNJ,3
TTE,3
HDF,0
KLU,0
RJK,0
CJU,3
DSN,3
HMI,3
INC,3
KRL,3
UYN,3
XNN,3
ZUH,3
NBS,3
YNJ,3
CMG,4
DOU,4
HKK,7
IVC,7
CHG,3
CKD,6
CHX,9
CHY,7
GZO,7
CIY,0
CIC,5
HLD,3
DAT,3
CIK,6
CIP,1
CIU,5
CIX,4
CIZ,4
CJA,4
CPO,4
CJJ,3
CJL,1
CJM,3
CJS,5
CUU,5
GMP,3
HIN,3
KPO,3
KUV,3
KWJ,3
MWX,3
RSU,3
TAE,3
USN,3
WJU,3
CKB,5
MGW,5
RDV,6
SLQ,6
ENY,3
JHG,3
PZI,3
TSA,3
XIC,3
ZAT,3
CKH,2
CKX,21
TKJ,21
CKZ,1
CLD,5
DUJ,5
ERI,5
FKL,5
PKB,5
CLL,5
ESM,4
GPI,4
TCO,4
CLQ,5
FLO,5
HHH,5
HTS,5
LUK,5
LYH,5
PGV,5
SBY,5
CMA,7
SGO,7
XTG,7
GAN,1
HRI,1
IXM,1
KCT,1
TRZ,1
CME,5
RNO,5
CMI,5
GLN,0
OUZ,1
OZZ,0
TTU,0
CMU,7
CMW,5
CMX,5
CND,1
CPV,4
IPN,4
IZA,4
MOC,4
UBA,4
VDC,4
CNP,10
OBY,10
EDR,7
GOV,7
GTE,7
GUM,3
HID,7
IRG,7
KWM,7
NTN,7
WEI,7
HGN,3
NNT,3
PHS,3
PYY,3
CNY,5
COD,5
COQ,3
NZH,2
COU,5
CPE,5
GZP,0
KRP,0
PLQ,0
RNN,0
SFJ,10
SGD,0
CPR,5
ELS,1
GRJ,1
HDS,1
HLA,1
KIM,1
MQP,1
PBZ,1
PLZ,1
UTN,1
WVB,1
CPX,5
FNI,0
LRH,0
PGF,0
RDZ,0
VOL,0
CRM,3
CRP,5
CSK,1
LLF,3
CSY,2
LMP,0
ULP,7
CTM,5
FKS,3
FSZ,3
HIJ,3
HKD,3
HNA,3
IBR,3
KIJ,3
KMQ,3
KUH,3
MMB,3
MMJ,3
OKA,3
OKJ,3
SDJ,3
SHB,3
TOY,3
UKB,3
WKJ,3
YGJ,3
DCY,3
DLU,3
KGT,3
KHG,3
LZY,3
TCZ,3
YIN,3
CUE,4
CUL,5
LAP,5
OAX,5
PBC,5
QRO,5
REX,5
SLP,5
TAM,5
TGZ,5
TRC,5
VER,5
VSA,5
YEG,5
PEM,4
MMU,5
CVM,5
CVU,0
FLW,0
HOR,0
CWA,5
GPB,4
XAP,4
VLY,0
CXB,1
CXH,22
YWH,22
CXI,7
CXR,3
CYB,5
LYB,5
CYO,5
SCU,5
CYP,3
CYS,5
WRL,5
CYX,2
CYZ,3
CZH,16
ORZ,16
CZS,4
JSR,1
SPD,1
DLI,3
HPH,3
PXU,3
ELD,5
MAF,5
DZA,1
HAH,1
MBI,1
MYW,1
DAU,7
LAE,7
UNG,7
DAV,9
DBA,1
DBQ,5
OSI,0
DCN,7
DDC,5
LBL,5
DDG,3
DEA,1
DEB,0
DEC,5
DED,1
DEE,2
DEF,1
DHM,1
GOP,1
HEA,1
IXL,1
KBL,1
KDH,1
KNU,1
KUU,1
LUH,1
DIK,5
DRO,5
EAR,5
EGE,5
FAT,5
FCA,5
GCC,5
GJT,5
GUC,5
HDN,5
HLN,5
ILG,5
ISN,5
JAC,5
KOA,5
LAR,5
LBF,5
LIH,5
LNK,5
MCK,5
MFR,5
MRY,5
MTJ,5
OGG,5
ONT,5
PGA,5
PUB,5
RDM,5
RIW,5
RKS,5
SAF,5
SBA,5
SGU,5
SHR,5
YMM,5
YQR,5
YWG,5
YXE,5
GCK,5
GGG,5
JLN,5
LAW,5
LCH,5
LRD,5
MFE,5
MHK,5
MLM,5
MZT,5
ROW,5
SJT,5
SPI,5
SPS,5
TXK,5
TYR,5
ZCL,5
INB,16
SVK,16
DGO,5
DHB,22
RCE,22
WSX,22
DHI,1
DIE,1
NOS,1
SVB,1
DIJ,0
DIL,7
DIN,3
PBD,1
DIW,1
TMR,0
MKQ,3
OKL,3
TIM,3
WMX,3
ZIG,1
GOU,1
MVR,1
JMU,3
LDS,3
MDG,3
SHP,3
DLE,0
DLY,7
IPA,7
DOK,0
DYR,2
EGO,2
ESL,2
FEG,2
GBB,2
GDX,2
GOJ,2
GRV,2
HMA,2
IJK,2
KEJ,2
KQT,2
KRO,2
KSQ,2
KVD,2
KVK,2
LLK,2
LWN,2
MCX,2
MJZ,2
NBC,2
NCU,2
NJC,2
NOJ,2
NOZ,2
NUX,2
NVI,2
NYM,2
ODS,2
OGZ,2
OSW,2
PED,2
PEE,2
PES,2
PEZ,2
PKC,2
PYJ,2
REN,2
RGK,2
RMI,2
RTW,2
SGC,2
SIP,2
SKD,2
SKX,2
SLY,2
STW,2
TGK,2
TJM,2
TJU,2
TMJ,2
TOF,2
UFA,2
UKS,2
ULV,2
UUA,2
UUD,2
VKT,2
VOG,2
VOZ,2
KOP,3
LOE,3
MAQ,3
NAW,3
NST,3
PRH,3
ROI,3
SNO,3
TST,3
UNN,3
EAM,1
GIZ,1
HAS,1
DND,0
DNH,3
DNR,0
DNZ,1
DOB,3
LRR,1
KUT,0
DOL,0
EIS,5
DPO,7
KOE,3
LBJ,3
MOF,3
TMC,3
WGP,3
DQA,3
DRK,5
DRV,1
HAQ,1
MCV,7
MNG,7
DSA,0
DSK,1
PZH,1
ONQ,0
ELM,5
ESC,5
ITH,5
MQT,5
PLN,5
SCE,5
SWF,5
TVC,5
SZZ,0
TUF,0
GPA,0
GWT,0
NQY,0
IKO,12
KQA,12
DWD,1
GSM,1
HRK,0
LFM,1
MUX,1
ZAH,1
MJN,1
EAE,7
EAT,5
EAU,5
KSE,1
PAF,1
RUA,1
EDA,6
EDL,1
LOK,1
EDO,0
PGX,0
EGM,7
RBV,7
VAO,7
EGN,1
EGS,10
EGX,6
EJH,1
EKO,5
EKS,2
ELC,7
HOT,5
ELF,1
ELG,0
ELH,5
ELI,6
GLV,6
KKA,6
ELL,1
ELV,6
KOT,6
ENE,3
ENH,3
NQU,4
EOI,8
EPR,7
RVT,7
ERC,1
ERL,3
ERM,4
PFB,4
ERN,4
TFF,4
ERS,23
MPA,23
NDU,23
OND,23
ERZ,1
IGD,1
KCM,1
KCO,1
KSY,1
MLX,1
MSR,1
TEQ,1
FRD,17
ESU,0
ETH,24
HFA,24
SDV,24
ETR,4
EUX,5
YQM,5
YYT,5
EXI,6
ISC,0
EYK,2
NYA,2
OVS,2
GAL,6
HKB,6
KBC,6
LMA,6
MLY,6
RBY,6
RMP,6
SVS,6
TAL,6
WBQ,6
FAV,11
KGA,1
MJM,1
NLA,1
FBS,22
LKE,22
LUZ,0
REG,0
FEN,4
FKI,18
TSH,1
KNG,3
FLG,5
GHB,5
IAG,5
LBE,5
MHH,5
ORH,5
TCB,5
ZSA,5
FLS,7
TER,0
SOW,5
FNJ,3
FOE,5
FON,5
XQP,5
PHB,4
FRE,7
FRW,1
FSP,5
KOJ,3
FTU,1
TLE,1
FUJ,3
NGS,3
ISG,3
KMI,3
TSJ,3
FUN,7
SUV,7
FUO,3
FUT,7
WLS,7
FVM,1
GAE,0
TOE,0
GAF,0
GAJ,3
HSL,6
KAL,6
NUL,6
GAM,6
SVA,6
KDM,1
GAO,5
GBT,1
GCH,1
LCE,5
GCN,5
GDE,1
LMM,5
MXL,5
GDT,5
SLX,5
XSC,5
GDZ,2
ILP,20
KNQ,20
LIF,20
MEE,20
TGJ,20
TOU,20
UVE,20
GEL,4
RIA,4
GEO,5
GET,7
GFF,7
NRA,7
TVF,5
GFN,7
TRO,7
GHE,9
GHT,1
GIL,1
TRR,1
GJA,5
GKA,7
HGU,7
MAG,7
GKK,1
KDO,1
ILY,0
TRE,0
GLF,5
PJM,5
GLH,5
WJR,1
TTA,0
GLO,0
WMO,6
GMA,1
GMR,11
GMZ,0
GNM,4
PTU,6
GOH,10
JAV,10
JFR,10
JHS,10
JSU,10
UAK,10
GOQ,3
GPS,4
GRP,4
MQH,4
GRW,0
TZL,0
GST,6
HNH,6
GTO,3
TAP,5
ROP,3
ROR,3
TKK,7
YAP,3
GUR,7
LSA,7
MIS,7
PNP,7
URA,2
LUG,0
GVR,4
GWD,1
TUK,1
GXH,3
GYA,4
LOH,4
LTX,4
SCY,4
MUA,7
HAA,14
HAC,3
SCN,0
HUI,3
PQC,3
TBB,3
UIH,3
VCA,3
VCL,3
VDH,3
SNU,5
TOB,1
HDM,1
HEH,3
THL,3
HEK,3
OHE,3
IVL,0
JOE,0
JYV,0
KAJ,0
KAO,0
KEM,0
KOK,0
KUO,0
NRK,0
RVN,0
SVL,0
TAY,0
HLH,3
RLK,3
TGO,3
WUA,3
XIL,3
YIE,3
TYF,0
HVG,14
JNZ,3
HGR,5
MXH,7
TBG,7
TIZ,7
WWK,7
PDV,0
HIB,5
IRA,7
JJA,7
KGE,7
NNB,7
RNA,7
RUS,7
SCZ,7
TNN,3
HKN,7
UTP,3
JGD,3
URJ,2
IAM,0
HMV,0
HSG,3
IWJ,3
IWK,3
IZO,3
KCZ,3
KKJ,3
KMJ,3
MBE,3
MMY,3
MSJ,3
MYJ,3
NTQ,3
OBO,3
OIM,3
OIT,3
ONJ,3
SHM,3
SYO,3
TAK,3
TKS,3
TTJ,3
UBJ,3
ITO,5
JHM,5
LNY,5
MAJ,7
MKK,5
PPG,5
HNM,5
HNS,6
SGY,6
HOB,5
HOE,3
HOF,1
HOI,11
MKP,11
HON,5
SCM,6
JXA,3
HRO,5
KYU,6
HSN,3
HTN,3
HUN,3
HUU,4
HUX,5
HVD,3
HVN,5
RJA,1
TIR,1
HYG,6
KTB,6
IAA,2
LNS,5
SLW,5
VCT,5
ZIH,5
ZLO,5
IAN,6
ORV,6
IAR,2
ICI,7
OZH,2
UDJ,0
IFJ,10
KER,1
MRX,1
IFO,0
IGA,5
MYG,5
IGG,6
IGM,5
IIL,1
IKE,10
SAE,10
UMD,10
IKI,3
IKS,2
KCK,2
KYZ,2
NER,2
ODO,2
UKX,2
ULK,2
ILD,0
BSS,4
IMT,5
RHI,5
PND,16
JGN,3
INH,1
VNX,1
TRW,7
IOT,10
JUU,10
IPC,11
IPH,3
IPT,5
IQN,3
IQT,4
PCL,4
TPP,4
IRK,5
IRZ,4
JCK,7
KDU,1
SKZ,1
UET,1
LEQ,0
ISE,1
KFS,1
KSH,1
KZR,1
MZH,1
MZR,1
NAJ,1
NAV,1
NOP,1
ITB,4
IUE,7
IUI,10
TQA,10
KTT,0
JAL,5
JAU,4
JEG,10
JQA,10
JBR,5
RCM,7
OMH,1
RAE,1
SHW,1
URY,1
WAE,1
PSE,5
JIC,3
JJU,10
JNN,10
JNS,10
LLU,10
QFG,10
QJH,10
QUW,10
JKR,1
LVI,1
MGH,1
MSU,1
MTS,1
PHW,1
PTG,1
PZB,1
RCB,1
UTT,1
XEQ,10
QFX,10
KAE,6
PEC,6
PSG,6
SIT,6
JOL,3
JOS,1
MII,4
JUK,10
KGQ,10
KHQ,10
NAQ,10
NSQ,10
UPK,10
JUZ,3
KAA,1
KAD,1
KAW,3
MGZ,3
KAZ,3
KCA,3
KCC,6
WWP,6
KCL,6
LGK,3
MKM,3
TGC,3
KCQ,6
KPV,6
KDV,7
KEP,1
KET,3
KEW,25
YRL,25
KME,1
KGP,2
KHD,1
NGQ,3
KNH,3
MZG,3
LYP,1
MJD,1
PJG,1
KHS,1
NGK,2
OHH,2
KHY,1
KHZ,11
KXU,11
KIF,25
WNN,25
YXL,25
KIS,1
TGP,2
THX,2
SKK,6
SYB,6
KYK,6
KLV,2
LNJ,3
SYM,3
WNH,3
YIC,3
NDY,8
NRL,8
PPW,8
SOY,8
WRY,8
FMI,18
KOS,3
WBB,6
KPB,6
PPV,6
UYL,1
KRY,3
KSA,7
KWA,7
PNI,7
MOU,6
KTE,3
KTG,3
KTL,15
PKR,1
TMI,1
KWF,6
MTM,6
WRG,6
KTS,6
TLA,6
WAA,6
KUA,3
NUP,6
TGG,3
KVG,7
MAS,7
KVL,6
PHO,6
KVX,2
WUZ,3
TOG,6
KYP,3
KZS,0
LUO,1
MEG,1
MSZ,1
NOV,1
SDD,1
SPP,1
SSY,1
SVP,1
TMS,1
VHC,1
LAI,0
LAO,3
LAQ,1
SCK,5
SMX,5
YYJ,5
LAU,15
MYD,15
LTO,5
MCE,5
MMH,5
PRC,5
SBP,5
STS,5
UPN,5
VIS,5
YLW,5
YUM,5
LAZ,4
LBP,3
LBS,7
PEU,5
UII,5
LCK,5
LCX,3
LEA,7
LEC,4
SCW,2
UCT,2
LEH,0
LPD,4
TCD,4
LGI,5
LGL,3
LGQ,4
YZY,3
PIU,4
TBP,4
TGI,4
TRU,4
SYQ,5
TNO,5
PIX,0
PXO,0
SMA,0
LJA,1
LKB,7
LKG,15
LKH,3
PJA,0
LMC,4
LMN,3
LMT,5
LNE,7
LOD,7
QUO,1
NDB,1
VDE,0
POI,4
RBQ,4
UYU,4
LPM,7
PKZ,3
LPS,22
LPY,0
LQM,4
WIN,7
LRT,0
LSE,5
LSY,7
LTD,1
OCC,4
LUD,1
OMD,1
MFU,1
SLI,1
LUR,6
LUW,3
PUW,5
LXG,3
LYR,14
LZC,5
TCR,1
OIA,4
RDC,4
TUR,4
PNA,0
RJL,0
VAI,7
MAM,5
PIN,4
TBT,4
PBL,5
MAZ,5
MBL,5
MBT,3
NIB,6
TCT,6
SLN,5
MCM,0
MCY,7
MNA,3
NAH,3
MYT,3
NYU,3
MDU,7
MEB,7
MEC,4
ULH,1
MIM,7
WGA,7
MTT,5
NLD,5
PAZ,5
PDS,5
PQM,5
PXM,5
TPQ,5
MGS,7
MGT,7
TVY,3
MHC,4
NSH,1
RZR,1
XBJ,1
MHG,0
STX,5
MYA,7
OSY,14
MJU,3
MKG,5
MNT,6
MMO,1
RXS,3
SJI,3
TAG,3
TUG,3
VRC,3
WNP,3
MNS,1
MOD,5
MOI,7
SRP,0
MOQ,1
VPY,1
MPN,4
MPP,9
MQF,2
MQJ,2
RVK,14
SHC,1
MRE,15
RRG,1
ZSE,1
MRZ,7
MSA,25
XBE,25
ZPB,25
ZRJ,25
MSW,1
MTV,7
SLH,7
TOH,7
ZGU,7
SBZ,0
MUE,5
MUK,7
ODN,3
MVT,11
MWA,5
MWF,7
MXV,3
YNG,5
PBU,3
MYU,6
RTA,7
SVU,7
TVU,7
SRK,10
THU,10
RCY,5
RSD,5
SML,5
NDG,3
NGE,1
NIQ,10
NKI,6
NLT,3
TNK,6
NOB,5
TMU,5
SWJ,7
NYK,15
UAS,15
OAG,7
OBU,6
ODY,3
OGM,9
UEO,3
OLA,0
OLC,4
SHH,6
TNC,6
OMR,0
XCR,0
PAH,5
SUX,5
TOL,5
YKF,5
YXU,5
ORU,4
TLN,0
UIP,0
RRS,0
SDN,0
VDB,0
OST,0
OTD,9
SIC,9
OTH,5
SUJ,0
WLK,6
WTK,6
OWB,5
PUE,9
PVE,9
PYC,9
SAX,9
PAV,4
PBJ,7
PBO,7
SJZ,0
PDT,5
ZHY,3
ZNE,7
PET,4
RIG,4
PFQ,1
SVC,5
PIH,5
UGB,6
PKA,6
SJK,4
PNL,0
PMZ,5
TFI,7
POG,1
SRA,4
WBM,7
RKA,11
RMT,11
RUR,11
RVV,11
TKX,11
TUB,11
PRI,1
PSJ,3
PSM,5
PTH,6
PTJ,7
SFG,5
PUM,3
CZJ,9
YNY,3
PWE,2
SNV,5
QBC,5
YAA,5
QOQ,10
QFN,10
QUB,1
QUV,10
RAH,1
SFL,1
RDD,5
RDN,3
URG,4
RIB,4
SCT,1
RJH,1
TUI,1
SMS,1
RVD,4
SAB,5
ZOS,4
UTS,2
SDG,1
YKM,5
THD,3
VCS,3
VKG,3
SNE,0
SJL,4
TTQ,5
VIJ,5
VQS,5
ZQZ,3
TWF,5
VEL,5
SRV,6
TQL,2
SMK,6
SSR,7
WLH,7
SPB,26
SSB,26
SRX,1
TBN,5
UIN,5
MTE,4
TMT,4
STZ,4
SXO,4
SUK,2
SUR,25
VBV,7
SVR,10
SXI,1
SXX,4
KPR,6
TMW,7
SZI,2
TBW,2
TCG,3
TLJ,6
TGH,7
YES,1
TIU,7
TKP,11
URE,0
XFW,0
VIN,0
WMR,1
WWT,6
TNW,4
TTT,3
UST,5
TUA,4
XMS,4
UKA,15
ULG,3
DLZ,3
ULO,3
ULZ,3
URS,2
VDA,0
VLS,7
XKH,3
WSZ,7
YAX,25
YTL,25
XGR,13
YVP,13
XKS,25
YUS,3
YAB,13
YFB,13
YRB,13
YAC,25
YAG,25
YQK,25
YQT,5
YAM,5
YSB,5
YAT,13
YPO,13
ZKE,13
YAY,13
YBX,13
YYR,13
YBC,13
YWK,13
YYY,13
YBG,13
YHU,13
YZV,13
YBK,13
YCS,13
YRT,13
YUT,13
YXN,13
YBL,5
YQQ,5
ZEL,5
YBR,5
YIF,13
YCB,13
YCO,13
YHK,13
YYH,13
YZF,13
YCD,5
YCG,5
YCL,13
YHI,13
YZS,13
YCY,13
YIO,13
YDF,5
YDP,13
YNP,13
YDQ,5
YYE,5
YHM,5
YHY,13
YOJ,5
YOP,5
YQU,5
YSM,13
YXJ,5
YXX,5
YXY,5
YEK,13
YYQ,13
YER,25
YEV,13
YGH,13
YPC,13
YSY,13
YUB,13
YVQ,13
ZFM,13
YFA,13
YMO,13
YGT,13
YLC,13
YTE,13
YUX,13
YXP,13
YFC,5
YFH,5
YLH,5
YOG,5
YFJ,13
YFO,13
YQD,13
YTH,13
YFS,13
YGK,5
YGL,13
YGW,13
YGP,13
YGR,13
YVB,13
YGV,13
YPN,13
YKU,13
YPH,13
YSK,13
YUD,13
YUY,13
YGX,13
YGZ,13
YHD,25
YHO,13
YMN,13
YSO,13
YHP,25
YNO,25
YHR,13
YNA,13
ZGS,13
ZTB,13
YVO,13
YQX,5
YQY,5
YSJ,5
YYG,5
ZLT,13
YZG,13
YJT,5
YKA,5
YXS,5
YKG,13
YPJ,13
YQC,13
YKL,13
YKQ,13
YMT,13
YNS,13
ZEM,13
YKT,5
YNC,13
YLE,13
YWP,5
YLL,5
YQF,5
YXC,5
YPY,13
YRG,13
YTS,5
ZKG,13
YTQ,13
YPL,5
YPM,25
YVZ,25
YPR,5
YPW,5
YWB,13
YQG,5
YQL,5
YQZ,5
YWL,5
YRA,13
ZSJ,25
YYB,5
YSG,13
YYU,5
ZBF,13
YVM,13
ZFN,13
YXT,5
YYD,5
YYF,5
YZP,5
YZT,5
YZZ,5
ZMT,5
YWJ,13
ZUM,13
YXH,5
YZR,5
